TF,Total genes regulados,Total genes activados,Total genes reprimidos,Total genes duales,Tipo de regulacion,Genes regulados
ppGpp,308,194,112,2,Dual,"['hisM', 'agp', 'cysQ', 'argI', 'argS', 'argT', 'aroM', 'bolA', 'cadA', 'crp', 'cspA', 'dacC', 'dksA', 'dnaA', 'dnaN', 'fadL', 'fimB', 'fis', 'frr', 'ftsA', 'ftsQ', 'ftsZ', 'gabT', 'ggt', 'mnmG', 'rsmG', 'glgA', 'glgC', 'glgP', 'hisP', 'hmp', 'hns', 'ilvA', 'ilvB', 'ilvD', 'ilvE', 'ilvH', 'ilvI', 'ilvM', 'ilvN', 'infA', 'katE', 'rpoS', 'leuO', 'livJ', 'lrp', 'lysS', 'mazE', 'mazG', 'osmB', 'osmC', 'pcnB', 'phr', 'pnp', 'poxB', 'prfB', 'priB', 'pth', 'pyrB', 'pyrI', 'queA', 'recF', 'relA', 'rnpA', 'rplI', 'rpmE', 'rpmH', 'rpsB', 'rpsF', 'rpsO', 'rpsR', 'speC', 'tgt', 'thrA', 'thrB', 'thrC', 'tpr', 'treA', 'trxA', 'tsf', 'tufB', 'yaiA', 'yajC', 'ybaA', 'ybgA', 'cspD', 'rluC', 'yhhA', 'mioC', 'argH', 'leuA', 'uspE', 'mazF', 'iraP', 'ilvL', 'ivbL', 'thrL', 'pyrL', 'leuL', 'yghA', 'dusB', 'acnA', 'gabD', 'gabP', 'msyB', 'gluQ', 'folK', 'sufA', 'glgS', 'uspA', 'osmY', 'hdeA', 'hdeB', 'yhiD', 'ychF', 'dps', 'csrA', 'gadB', 'qorA', 'hdeD', 'sra', 'ycgB', 'fadD', 'cfa', 'ychH', 'wrbA', 'gadE', 'thiQ', 'thiP', 'thiB', 'leuD', 'leuC', 'leuB', 'otsA', 'otsB', 'setA', 'talA', 'yebF', 'aidB', 'yiiS', 'uspD', 'rpoE', 'yjbJ', 'yehE', 'yehW', 'yehX', 'yehY', 'osmF', 'yohC', 'yojI', 'sgrR', 'efp', 'tktB', 'prfC', 'rssB', 'hisJ', 'hisQ', 'narU', 'cbpA', 'cbpM', 'uspB', 'dtpB', 'mdtE', 'mdtF', 'gadX', 'treF', 'rseA', 'lhgD', 'yiaG', 'grxB', 'yccJ', 'ybeL', 'alaT', 'alaU', 'alaV', 'argX', 'glnU', 'glnV', 'glnW', 'glnX', 'gltT', 'gltU', 'gltV', 'gltW', 'glyT', 'hisR', 'ileT', 'ileU', 'ileV', 'leuT', 'leuV', 'leuW', 'leuX', 'metT', 'metU', 'metV', 'metZ', 'proM', 'rrfA', 'rrfB', 'rrfC', 'rrfD', 'rrfE', 'rrfG', 'rrfH', 'rrlA', 'rrlB', 'rrlC', 'rrlD', 'rrlE', 'rrlG', 'rrlH', 'rrsA', 'rrsB', 'rrsC', 'rrsD', 'rrsE', 'rrsG', 'rrsH', 'rrfF', 'serW', 'thrT', 'thrU', 'thrV', 'tyrT', 'tyrU', 'tyrV', 'metW', 'rmf', 'gadA', 'sgrT', 'ilvX', 'gadF', 'idlP', 'ytiC', 'ytiD', 'csrB', 'csrC', 'tff', 'isrC', 'sroA', 'sroD', 'ecnB', 'sgrS', 'yahO', 'yajO', 'glsA', 'ybaT', 'ybdK', 'ybgS', 'ybhN', 'clsB', 'ybhP', 'ybjP', 'ftsK', 'ycaP', 'csgI', 'yccU', 'csgG', 'csgF', 'csgE', 'csgD', 'ariR', 'ydcK', 'ydcL', 'curA', 'adhP', 'gadC', 'tam', 'ynfD', 'sodC', 'ldtE', 'sufE', 'sufS', 'sufD', 'sufC', 'sufB', 'yniA', 'yeaG', 'yeaH', 'yeaQ', 'yoaC', 'yebV', 'uspC', 'yedP', 'hchA', 'flu', 'yegP', 'fbaB', 'elaB', 'yfcZ', 'rseC', 'rseB', 'glaH', 'kbp', 'yqaE', 'dkgA', 'patA', 'yqjF', 'yhbO', 'yhcO', 'fkpA', 'ysgA', 'blc', 'yjfY', 'yjgH', 'iraD', 'ilvG']"
AcnB,1,1,0,0,Activator,['acnB']
DicF,4,0,4,0,Repressor,"['ftsZ', 'manX', 'pykA', 'xylR']"
DsrA,10,1,9,0,Dual,"['hns', 'rpoS', 'lrp', 'rbsA', 'rbsB', 'rbsC', 'rbsD', 'rbsK', 'rbsR', 'rbsZ']"
DeaD,1,1,0,0,Activator,['ldtD']
Hfq,6,1,5,0,Dual,"['manX', 'hpf', 'ptsN', 'cirA', 'mutS', 'oppA']"
Pnp,1,0,1,0,Repressor,['pnp']
RplA,6,0,6,0,Repressor,"['rplA', 'rplJ', 'rplK', 'rplL', 'rpoB', 'rpoC']"
RplD,1,0,1,0,Repressor,['tnaA']
RplM,2,0,2,0,Repressor,"['rplM', 'rpsI']"
RplT,2,0,2,0,Repressor,"['rplT', 'rpmI']"
RplY,1,0,1,0,Repressor,['rplY']
RpmE,1,0,1,0,Repressor,['rpmE']
RpsA,5,4,1,0,Dual,"['fis', 'manY', 'pnp', 'rpsA', 'rpsO']"
RpsB,3,0,3,0,Repressor,"['rpsB', 'tsf', 'tff']"
RpsD,4,0,4,0,Repressor,"['rplQ', 'rpsD', 'rpsK', 'rpsM']"
RpsG,4,0,4,0,Repressor,"['fusA', 'rpsG', 'rpsL', 'tufA']"
RpsH,12,0,12,0,Repressor,"['secY', 'rplE', 'rplF', 'rplN', 'rplO', 'rplR', 'rplX', 'rpmD', 'rpsE', 'rpsH', 'rpsN', 'rpmJ']"
RpsO,1,0,1,0,Repressor,['rpsO']
CsrA,16,6,10,0,Dual,"['gadB', 'gadE', 'moaA', 'moaB', 'moaD', 'moaE', 'moaC', 'rpoE', 'gadA', 'idlP', 'ytiC', 'ytiD', 'ymdA', 'gadC', 'ydeO', 'iraD']"
GcvB,60,2,58,0,Dual,"['aroC', 'aroP', 'asd', 'asnA', 'asnB', 'cstA', 'dppA', 'gdhA', 'gltP', 'icd', 'ilvB', 'ilvD', 'ilvM', 'kgtP', 'lrp', 'map', 'nlpA', 'oppA', 'oppB', 'oppC', 'oppD', 'oppF', 'oxyR', 'phoP', 'phoQ', 'rbsA', 'rbsB', 'rbsC', 'rbsD', 'rbsK', 'rbsR', 'trpA', 'trpB', 'trpC', 'trpD', 'trpE', 'ilvL', 'trpL', 'ivbL', 'inaA', 'acs', 'ydeE', 'panD', 'purU', 'hisQ', 'cycA', 'dppB', 'dppC', 'dppD', 'dppF', 'sstT', 'rbsZ', 'csgG', 'csgF', 'csgE', 'csgD', 'tcyJ', 'rbn', 'mltC', 'ysgA']"
McaS,6,2,4,0,Dual,"['flhC', 'flhD', 'csgG', 'csgF', 'csgE', 'csgD']"
GadY,2,2,0,0,Activator,"['gadW', 'gadX']"
MicF,7,1,6,0,Dual,"['cpxR', 'cpxA', 'lrp', 'ompF', 'oppA', 'phoE', 'tcyJ']"
OxyS,10,4,6,0,Dual,"['fhlA', 'flhC', 'flhD', 'rpoS', 'nusG', 'iscA', 'mepS', 'iscU', 'iscS', 'iscR']"
ChiX,6,0,6,0,Repressor,"['chbC', 'chiZ', 'dpiB', 'dpiA', 'chiP', 'chiQ']"
SgrS,10,1,9,0,Dual,"['asd', 'manX', 'manY', 'manZ', 'ptsG', 'purR', 'yeiB', 'folE', 'yigL', 'adiY']"
IstR-1,1,0,1,0,Repressor,['tisB']
RseX,4,0,4,0,Repressor,"['fimB', 'ihfB', 'ompA', 'ompC']"
RydC,12,7,5,0,Dual,"['pheA', 'trpA', 'trpB', 'trpC', 'trpD', 'trpE', 'trpL', 'cfa', 'csgG', 'csgF', 'csgE', 'csgD']"
OhsC,1,0,1,0,Repressor,['shoB']
SymR,1,0,1,0,Repressor,['symE']
MgrR,4,0,4,0,Repressor,"['soxS', 'pitA', 'eptB', 'ygdQ']"
FnrS,20,0,20,0,Repressor,"['cydC', 'glpD', 'metE', 'maeA', 'sodA', 'sodB', 'yeiB', 'folE', 'cydD', 'marA', 'gpmA', 'yieP', 'azuC', 'azuR', 'yebY', 'yebZ', 'yobA', 'folX', 'yfcH', 'iscR']"
ArrS,3,3,0,0,Activator,"['cfa', 'gadE', 'gadF']"
SdsN,3,0,3,0,Repressor,"['hmp', 'nfsA', 'narP']"
AgrB,1,0,1,0,Repressor,['dinQ']
RalA,1,0,1,0,Repressor,['ralR']
MicL,1,0,1,0,Repressor,['lpp']
CpxQ,3,0,3,0,Repressor,"['skp', 'cfa', 'cpxP']"
SdhX,6,0,6,0,Repressor,"['ackA', 'fdhE', 'katG', 'fdoI', 'fdoH', 'fdoG']"
C0293,3,0,3,0,Repressor,"['fadR', 'iroK', 'hcaR']"
MalH,1,0,1,0,Repressor,['ompC']
FliX,12,0,12,0,Repressor,"['fliC', 'rplB', 'rplC', 'rplD', 'rplP', 'rplV', 'rplW', 'rpmC', 'rpsC', 'rpsJ', 'rpsQ', 'rpsS']"
MotR,12,12,0,0,Activator,"['fliC', 'rplB', 'rplC', 'rplD', 'rplP', 'rplV', 'rplW', 'rpmC', 'rpsC', 'rpsJ', 'rpsQ', 'rpsS']"
UhpU,2,1,1,0,Dual,"['fliC', 'lrhA']"
AzuR,2,0,2,0,Repressor,"['cadA', 'galE']"
FimR2,5,1,4,0,Dual,"['fliG', 'fliR', 'hofQ', 'fliI', 'fliJ']"
GlnZ,2,0,2,0,Repressor,"['glnP', 'sucA']"
AsflhD,1,0,1,0,Repressor,['flhD']
StfZ,1,0,1,0,Repressor,['ftsZ']
AmeF,2,2,0,0,Activator,"['mazE', 'mazF']"
YrdG,1,0,1,0,Repressor,['mscL']
RprA,9,1,8,0,Dual,"['rpoS', 'hdeD', 'narP', 'lrhA', 'csgG', 'csgF', 'csgE', 'csgD', 'dgcM']"
RybB,15,1,14,0,Dual,"['fadL', 'nmpC', 'ompC', 'ompF', 'rbsB', 'sdhC', 'tsx', 'ompW', 'maoP', 'rluD', 'fiu', 'csgG', 'csgF', 'csgE', 'csgD']"
SdsR,5,0,5,0,Repressor,"['mutS', 'tolC', 'yeaG', 'yeaH', 'yhcB']"
CyaR,9,0,9,0,Repressor,"['rpoS', 'nadE', 'hdeD', 'ompX', 'yacL', 'luxS', 'yliM', 'yobF', 'yqaE']"
OmrB,12,0,12,0,Repressor,"['cirA', 'fepA', 'flhC', 'flhD', 'ompR', 'ompT', 'flgM', 'csgG', 'csgF', 'csgE', 'csgD', 'dgcM']"
SibC,1,0,1,0,Repressor,['ibsC']
Spf,27,2,25,0,Dual,"['yjiA', 'araF', 'ascF', 'ebgC', 'fucI', 'fucK', 'fucP', 'galK', 'gdhA', 'glpF', 'gltA', 'sdhC', 'maeA', 'sucC', 'sthA', 'caiA', 'atoD', 'lldP', 'dppB', 'gss', 'xylF', 'nanT', 'puuE', 'paaK', 'ytfJ', 'nanC', 'srlA']"
MicA,18,0,18,0,Repressor,"['fimB', 'lamB', 'ompA', 'pal', 'phoP', 'phoQ', 'tolB', 'tsx', 'ompW', 'ompX', 'ygiM', 'cpoB', 'yliM', 'ecnB', 'ldtC', 'gloA', 'lpxT', 'yfeK']"
OmrA,12,0,12,0,Repressor,"['cirA', 'fepA', 'flhC', 'flhD', 'ompR', 'ompT', 'flgM', 'csgG', 'csgF', 'csgE', 'csgD', 'dgcM']"
SraG,1,0,1,0,Repressor,['pnp']
ArcZ,6,1,5,0,Dual,"['flhC', 'flhD', 'rpoS', 'mutS', 'lrhA', 'eptB']"
RyhB,45,2,43,0,Dual,"['bfr', 'cirA', 'cysE', 'fumA', 'fur', 'hemB', 'hemH', 'nirB', 'sdhA', 'sdhB', 'sdhC', 'sdhD', 'sodA', 'sodB', 'sucA', 'sucB', 'sucC', 'sucD', 'marA', 'yieP', 'nuoM', 'nuoF', 'nuoA', 'nuoB', 'nuoC', 'nuoE', 'nuoG', 'nuoH', 'nuoI', 'nuoJ', 'nuoK', 'nuoL', 'nuoN', 'iscA', 'grxD', 'acnB', 'erpA', 'msrB', 'uof', 'sdhX', 'b0725', 'shiA', 'iscU', 'iscS', 'iscR']"
GlmZ,2,2,0,0,Activator,"['glmS', 'glmU']"
MicC,1,0,1,0,Repressor,['ompC']
acetyl-CoA carboxyltransferase,2,0,2,0,Repressor,"['accD', 'accA']"
ribonuclease E,1,0,1,0,Repressor,['rne']
carbon storage regulator CsrA,14,0,14,0,Repressor,"['glgA', 'glgC', 'glgP', 'sdiA', 'nhaR', 'acnA', 'glgS', 'evgA', 'dgcZ', 'pgaD', 'pgaC', 'pgaB', 'pgaA', 'dgcT']"
SelB-L-selenocysteinyl-tRNA<sup>sec</sup>,2,0,2,0,Repressor,"['selA', 'selB']"
small heat shock protein IbpA,2,0,2,0,Repressor,"['ibpA', 'ibpB']"
S6:S18 ribosomal subunit complex,4,0,4,0,Repressor,"['priB', 'rplI', 'rpsF', 'rpsR']"
ATP-dependent RNA helicase DeaD,3,3,0,0,Activator,"['sdiA', 'uvrY', 'mntR']"
threonine&mdash;tRNA ligase,1,0,1,0,Repressor,['thrS']
YafC,1,1,0,0,Activator,['cysJ']
NemR,3,0,3,0,Repressor,"['nemR', 'nemA', 'gloA']"
PhoP,60,46,11,3,Dual,"['argD', 'cysB', 'fadL', 'glgA', 'glgB', 'glgC', 'glgP', 'glgX', 'hemL', 'metB', 'metL', 'nagA', 'ompT', 'phoP', 'phoQ', 'purD', 'purH', 'tolC', 'ygiB', 'ygiC', 'rstB', 'malS', 'hdeA', 'hdeB', 'yhiD', 'hdeD', 'gadE', 'acrA', 'acrB', 'rsd', 'pagP', 'treR', 'gadW', 'mgtA', 'rmf', 'ryjB', 'mgrR', 'mgtL', 'gadF', 'mgtS', 'borD', 'ybjG', 'clpS', 'rutG', 'rutF', 'rutE', 'rutD', 'rutC', 'rutB', 'rutA', 'iraM', 'ydeO', 'safA', 'ydeP', 'rstA', 'slyB', 'mgrB', 'queE', 'yrbL', 'dcuD']"
NhaR,42,20,17,5,Dual,"['nhaA', 'osmC', 'nhaR', 'rsd', 'alaT', 'alaU', 'alaV', 'gltT', 'gltU', 'gltV', 'gltW', 'ileT', 'ileU', 'ileV', 'rrfA', 'rrfB', 'rrfC', 'rrfD', 'rrfE', 'rrfG', 'rrfH', 'rrlA', 'rrlB', 'rrlC', 'rrlD', 'rrlE', 'rrlG', 'rrlH', 'rrsA', 'rrsB', 'rrsC', 'rrsD', 'rrsE', 'rrsG', 'rrsH', 'rrfF', 'thrV', 'rmf', 'pgaD', 'pgaC', 'pgaB', 'pgaA']"
NsrR,86,2,84,0,Dual,"['aceE', 'aceF', 'cdd', 'moeA', 'moeB', 'fhlA', 'ihfA', 'hmp', 'hycA', 'hycB', 'hycC', 'hycD', 'hycE', 'hycF', 'hycG', 'hycH', 'hypA', 'hypB', 'hypC', 'hypD', 'hypE', 'infC', 'lrp', 'ndh', 'pheS', 'pheT', 'poxB', 'wecA', 'rplT', 'bamE', 'sodB', 'thrS', 'rpmI', 'tsgA', 'waaH', 'pheM', 'ygbA', 'wzzE', 'ydbD', 'fliA', 'fliZ', 'pgpC', 'tadA', 'sufA', 'wecB', 'wecC', 'rffG', 'rffH', 'rffC', 'wecE', 'wzyE', 'rffM', 'wzxE', 'dkgB', 'nrfA', 'tehA', 'tehB', 'nrfB', 'nrfC', 'nrfD', 'nrfE', 'nrfF', 'nrfG', 'norR', 'grxD', 'dsdC', 'rybB', 'mhpT', 'hcr', 'hcp', 'feaR', 'mepH', 'sufE', 'sufS', 'sufD', 'sufC', 'sufB', 'yeaE', 'yoaG', 'yeaR', 'tcyJ', 'hycI', 'wecF', 'ytfE', 'bdcA', 'feaB']"
TorR,21,18,1,2,Dual,"['rpoS', 'tnaA', 'tnaB', 'tnaC', 'hdeA', 'hdeB', 'yhiD', 'gadB', 'adiA', 'gadE', 'torA', 'torC', 'slp', 'torD', 'mdtE', 'mdtF', 'gadX', 'adiC', 'torR', 'gadA', 'gadC']"
FabR,2,0,2,0,Repressor,"['fabA', 'fabB']"
ComR,1,0,1,0,Repressor,['bhsA']
ArgR,64,13,51,0,Dual,"['hisM', 'argA', 'argB', 'argC', 'argD', 'argF', 'argG', 'argI', 'argR', 'aroK', 'aroP', 'carA', 'carB', 'cvpA', 'dacC', 'ftsZ', 'gltB', 'gltD', 'gltP', 'hisP', 'infB', 'waaA', 'lrp', 'nusA', 'pfkB', 'pnp', 'rpsO', 'yffB', 'truB', 'rbfA', 'rimP', 'argH', 'mukE', 'hisL', 'pyrL', 'argE', 'dps', 'gltF', 'stpA', 'yaaU', 'artP', 'artI', 'artQ', 'artM', 'artJ', 'potF', 'puuB', 'hisJ', 'hisQ', 'metY', 'mcaS', 'ykgA', 'lysO', 'ydgI', 'astE', 'astB', 'astD', 'astA', 'astC', 'hchA', 'yfcC', 'eutS', 'yraQ', 'yhcC']"
IlvY,2,1,1,0,Dual,"['ilvC', 'ilvY']"
RcnR,3,0,3,0,Repressor,"['rcnR', 'rcnA', 'rcnB']"
CytR,14,0,14,0,Repressor,"['cdd', 'cytR', 'deoA', 'deoB', 'deoC', 'deoD', 'nupG', 'ppiA', 'rpoH', 'tsx', 'udp', 'aphA', 'nupC', 'ycdZ']"
MlrA,10,10,0,0,Activator,"['cadC', 'yhbE', 'rplU', 'rpmA', 'csgG', 'csgF', 'csgE', 'csgD', 'obgE', 'ibaG']"
PrpR,5,4,1,0,Dual,"['prpR', 'prpB', 'prpC', 'prpD', 'prpE']"
MatA,9,2,7,0,Dual,"['flhC', 'flhD', 'fliC', 'fliA', 'fliZ', 'fliX', 'ecpA', 'matA', 'tcyJ']"
AlaS,1,0,1,0,Repressor,['alaS']
ArgP,15,14,1,0,Dual,"['asd', 'dapB', 'dapD', 'dnaA', 'dnaN', 'gdhA', 'argP', 'lysA', 'lysC', 'nrdA', 'nrdB', 'recF', 'argO', 'lysP', 'yfaE']"
GlcC,7,6,1,0,Dual,"['glcB', 'glcF', 'glcA', 'glcG', 'glcE', 'glcD', 'glcC']"
PuuR,8,0,8,0,Repressor,"['puuC', 'puuB', 'puuR', 'ymjE', 'puuP', 'puuA', 'puuD', 'puuE']"
YiaU,6,6,0,0,Activator,"['gltD', 'waaP', 'adeP', 'yiaT', 'yiaV', 'yiaW']"
FeaR,2,2,0,0,Activator,"['tynA', 'feaB']"
NtrC,52,44,1,7,Dual,"['hisM', 'argT', 'glnA', 'glnG', 'glnH', 'glnL', 'glnP', 'glnQ', 'hisP', 'relA', 'potF', 'potG', 'potH', 'potI', 'amtB', 'rpoE', 'hisJ', 'hisQ', 'glnK', 'rseA', 'yhdW', 'yhdX', 'yhdY', 'yhdZ', 'rseD', 'glnZ', 'rutG', 'rutF', 'rutE', 'rutD', 'rutC', 'rutB', 'rutA', 'ddpF', 'ddpD', 'ddpC', 'ddpB', 'ddpA', 'ddpX', 'astE', 'astB', 'astD', 'astA', 'astC', 'yeaE', 'yeaG', 'yeaH', 'cbl', 'nac', 'rseC', 'rseB', 'patA']"
Mlc,10,0,10,0,Repressor,"['crr', 'malT', 'manX', 'manY', 'manZ', 'ptsG', 'ptsH', 'ptsI', 'bidA', 'mlc']"
SrsR,38,38,0,0,Activator,"['adhE', 'fucA', 'fucI', 'fucK', 'fucO', 'fucP', 'fucR', 'fucU', 'hycB', 'narZ', 'pflB', 'dhaM', 'yafQ', 'dinJ', 'yafL', 'bluR', 'dhaL', 'dhaK', 'paaZ', 'paaA', 'paaB', 'paaC', 'paaD', 'paaE', 'paaF', 'paaG', 'paaH', 'paaI', 'paaJ', 'paaK', 'cdgI', 'yfdK', 'yfdL', 'yfdM', 'yfdN', 'yfdO', 'yfdP', 'yfdQ']"
YeiL,1,1,0,0,Activator,['yeiL']
MprA,6,0,6,0,Repressor,"['mprA', 'nmpC', 'emrA', 'emrB', 'acrA', 'acrB']"
FrmR,3,0,3,0,Repressor,"['frmA', 'frmB', 'frmR']"
TdcA,7,7,0,0,Activator,"['tdcA', 'tdcB', 'tdcC', 'tdcD', 'tdcG', 'tdcF', 'tdcE']"
EvgA,21,21,0,0,Activator,"['acrD', 'gadE', 'evgA', 'evgS', 'mdtE', 'mdtF', 'emrY', 'gadF', 'evgL', 'ydeO', 'safA', 'ydeP', 'yegZ', 'G7121', 'yegR', 'emrK', 'yfdE', 'yfdV', 'oxc', 'frc', 'yfdX']"
TyrR,12,2,9,1,Dual,"['aroF', 'aroG', 'aroL', 'aroM', 'aroP', 'folA', 'mtr', 'tyrA', 'tyrB', 'tyrP', 'tyrR', 'yaiA']"
CaiF,10,10,0,0,Activator,"['caiD', 'caiC', 'caiB', 'caiA', 'caiT', 'fixA', 'fixB', 'fixC', 'fixX', 'caiE']"
GadW,15,4,4,7,Dual,"['hdeA', 'hdeB', 'yhiD', 'gadB', 'gadE', 'dctR', 'slp', 'mdtE', 'mdtF', 'gadW', 'gadX', 'gadA', 'gadF', 'gadY', 'gadC']"
IdnR,7,5,2,0,Dual,"['idnK', 'idnT', 'gntK', 'gntU', 'idnR', 'idnO', 'idnD']"
RhaS,6,6,0,0,Activator,"['rhaR', 'rhaS', 'rhaT', 'rhaD', 'rhaA', 'rhaB']"
UvrY,6,6,0,0,Activator,"['uhpT', 'luxS', 'uhpU', 'csrB', 'csrC', 'ydeP']"
DinJ-YafQ,3,0,3,0,Repressor,"['cspE', 'yafQ', 'dinJ']"
HcaR,7,5,2,0,Dual,"['iroK', 'hcaR', 'hcaC', 'hcaB', 'hcaD', 'hcaE', 'hcaF']"
CysB,33,26,7,0,Dual,"['cysA', 'cysB', 'cysC', 'cysD', 'cysH', 'cysI', 'cysJ', 'cysK', 'cysM', 'cysN', 'cysP', 'cysU', 'cysW', 'dgcZ', 'ssuB', 'tauD', 'tauA', 'tauB', 'tauC', 'ybdN', 'ssuC', 'ssuD', 'ssuA', 'ssuE', 'ariR', 'yciW', 'hslJ', 'tcyP', 'yoaC', 'tcyJ', 'cbl', 'yfbR', 'ygeH']"
NfeR,2,0,2,0,Repressor,"['nfeF', 'nfeR']"
CspA,2,2,0,0,Activator,"['gyrA', 'hns']"
MazE,3,0,3,0,Repressor,"['mazE', 'mazG', 'mazF']"
PspF,8,7,1,0,Dual,"['pspA', 'pspB', 'pspC', 'pspD', 'pspE', 'pspG', 'pspF', 'pspH']"
CpxR,130,77,53,0,Dual,"['acrD', 'cpxR', 'aroG', 'ascF', 'atpB', 'atpI', 'carA', 'carB', 'cheA', 'cheW', 'cpxA', 'cspA', 'dgt', 'edd', 'exbB', 'fimB', 'lpxD', 'hha', 'skp', 'degP', 'lpxA', 'metC', 'motA', 'motB', 'ompC', 'ompF', 'pflB', 'plsB', 'ppiA', 'psd', 'rpoH', 'sbmA', 'sdhC', 'slt', 'bamE', 'tsr', 'ung', 'dsbC', 'xylE', 'mtn', 'yccA', 'fdnG', 'ldtD', 'focA', 'fabZ', 'dsbA', 'appC', 'inaA', 'marA', 'marR', 'acs', 'csgA', 'yhdJ', 'marB', 'baeS', 'baeR', 'eamA', 'ydeE', 'dgcZ', 'bacA', 'yidQ', 'chaA', 'yebE', 'srkA', 'rpoE', 'nuoA', 'mdtD', 'galP', 'yibN', 'gpmM', 'yacH', 'rseA', 'ettA', 'chaB', 'tomB', 'yddG', 'yhdW', 'ampH', 'yfaH', 'shoB', 'cpxQ', 'rseD', 'motR', 'rprA', 'cyaR', 'fadE', 'gmhA', 'matA', 'frmB', 'yaiW', 'ppiD', 'pdeB', 'glsA', 'qmcA', 'dsbG', 'hcp', 'efeU', 'csgG', 'csgF', 'csgE', 'csgD', 'csgB', 'csgC', 'ldtC', 'feaR', 'yncE', 'gstA', 'spy', 'astC', 'ftnB', 'cbl', 'mdtA', 'mdtB', 'mdtC', 'fadI', 'frc', 'rseC', 'rseB', 'kbp', 'yqaE', 'casA', 'ygjR', 'yqjA', 'mzrA', 'cpxP', 'epmB', 'mscM', 'yjfN', 'btsT', 'gapC']"
NarP,51,18,18,15,Dual,"['cysG', 'fdhF', 'hyaA', 'hyaB', 'hyaC', 'hyaD', 'hyaE', 'hyaF', 'nirB', 'nirC', 'nirD', 'poxB', 'fdnG', 'fdnH', 'fdnI', 'nrfA', 'nrfB', 'nrfC', 'nrfD', 'nrfE', 'nrfF', 'nrfG', 'ccmH', 'ccmG', 'ccmF', 'ccmE', 'ccmC', 'ccmB', 'ccmA', 'napC', 'napB', 'napH', 'napG', 'napA', 'napF', 'napD', 'ccmD', 'norW', 'hcr', 'hcp', 'ydeP', 'ydhT', 'ydhU', 'ydhX', 'ydhW', 'ydhV', 'ydhY', 'yoaG', 'yeaR', 'norV', 'ytfE']"
MetJ,15,0,15,0,Repressor,"['metA', 'metB', 'metC', 'metE', 'metF', 'metK', 'metL', 'metR', 'yeiB', 'folE', 'ahpC', 'ahpF', 'metQ', 'metN', 'metI']"
YdaT,1,1,0,0,Activator,['rcsA']
ZraR,28,25,3,0,Dual,"['zraS', 'cspA', 'acrE', 'fhuA', 'glnA', 'glnH', 'zraR', 'pnp', 'rfaD', 'rpoH', 'sspA', 'tnaA', 'tnaB', 'raiA', 'fliA', 'mdtL', 'zraP', 'cspB', 'gadW', 'mgtA', 'exuR', 'yhdW', 'ssrA', 'rmf', 'yrdD', 'yhhY', 'cpxP', 'yjjY']"
AdiY,8,8,0,0,Activator,"['gltB', 'gltD', 'gadB', 'adiA', 'gltF', 'gadX', 'gadA', 'gadC']"
PdeL,9,2,7,0,Dual,"['wecA', 'pdeL', 'fliF', 'fliG', 'fliH', 'fliI', 'fliJ', 'fliK', 'yghJ']"
H-NS,239,49,190,0,Dual,"['hisM', 'garL', 'appY', 'ascF', 'ascG', 'bglB', 'bglF', 'bglG', 'bolA', 'cadA', 'cadB', 'cadC', 'cspA', 'cydA', 'cydB', 'cysA', 'cysG', 'cysM', 'cysP', 'cysU', 'cysW', 'ddlA', 'entF', 'acrE', 'acrF', 'fepE', 'fes', 'fimA', 'fimB', 'fimC', 'fimD', 'fimE', 'fimF', 'fimG', 'fimH', 'flhC', 'flhD', 'fliC', 'fucA', 'gabT', 'galE', 'galK', 'galT', 'hisP', 'hns', 'degP', 'ilvH', 'ilvI', 'lacA', 'lacY', 'lacZ', 'leuO', 'lrp', 'malE', 'malF', 'malG', 'mazE', 'mukB', 'nhaA', 'nirB', 'nirC', 'nirD', 'nrdA', 'nrdB', 'osmC', 'proV', 'proW', 'proX', 'rcsA', 'rcsB', 'relA', 'ftnA', 'srlE', 'srlB', 'srlD', 'gutM', 'gutQ', 'srlR', 'nhaR', 'cspD', 'yciE', 'yciF', 'yciG', 'fau', 'garK', 'garR', 'pdeL', 'chiA', 'mazF', 'mukE', 'iraP', 'gspB', 'gabD', 'gabP', 'fliA', 'fliZ', 'gspO', 'hdeA', 'hdeB', 'yhiD', 'dps', 'nrdD', 'hdfR', 'gadB', 'hdeD', 'adiA', 'ydcC', 'gadE', 'stpA', 'caiD', 'caiC', 'caiB', 'caiA', 'caiT', 'evgA', 'evgS', 'dgcZ', 'yadC', 'adeD', 'galM', 'glvC', 'dctR', 'slp', 'pdeC', 'adiY', 'fimI', 'yehA', 'yehB', 'yehC', 'yehD', 'hisJ', 'hisQ', 'mukF', 'cmoM', 'gspM', 'pagP', 'cbpA', 'yhiM', 'mdtE', 'mdtF', 'gadW', 'gadX', 'ybgD', 'yfaE', 'rcsD', 'lhgD', 'adiC', 'cycA', 'caiE', 'ttdR', 'garP', 'cas2', 'alaU', 'alaV', 'gltT', 'gltU', 'gltW', 'ileU', 'ileV', 'micF', 'rnpB', 'rrfB', 'rrfC', 'rrfD', 'rrfG', 'rrfH', 'rrlB', 'rrlC', 'rrlD', 'rrlG', 'rrlH', 'rrsB', 'rrsC', 'rrsD', 'rrsG', 'rrsH', 'rrfF', 'ssrS', 'thrV', 'gadA', 'ybdZ', 'gadF', 'mdtU', 'evgL', 'malH', 'fliX', 'fimR2', 'caiF', 'sfmA', 'pdeI', 'elfA', 'dgcT', 'csgG', 'csgF', 'csgE', 'csgD', 'bluF', 'pdeG', 'dosC', 'gadC', 'ydeO', 'ydeP', 'asr', 'mdtI', 'mdtJ', 'rflP', 'cdgI', 'dgcJ', 'tcyJ', 'hchA', 'hprR', 'yfcV', 'oxc', 'pdeF', 'csiE', 'glaH', 'cas1', 'casE', 'casD', 'casC', 'casB', 'casA', 'yraH', 'gspA', 'gspC', 'gspD', 'gspE', 'gspF', 'gspG', 'gspH', 'gspI', 'gspJ', 'gspK', 'gspL', 'yjjP', 'yjjQ', 'bglJ', 'nrdG', 'srlA']"
H-+NS,1,0,0,1,Dual,['hlyE']
AlsR,6,0,6,0,Repressor,"['rpiB', 'alsE', 'alsC', 'alsA', 'alsB', 'alsR']"
PaaX,14,0,14,0,Repressor,"['paaZ', 'paaA', 'paaB', 'paaC', 'paaD', 'paaE', 'paaF', 'paaG', 'paaH', 'paaI', 'paaJ', 'paaK', 'paaX', 'paaY']"
RclR,3,3,0,0,Activator,"['rclC', 'rclB', 'rclA']"
LexA,63,0,63,0,Repressor,"['ddlB', 'dnaG', 'lpxC', 'ftsA', 'ftsI', 'ftsQ', 'ftsW', 'ftsZ', 'lexA', 'mraY', 'murC', 'murD', 'murE', 'murF', 'murG', 'phr', 'polB', 'ptrA', 'recA', 'recB', 'recD', 'recN', 'recQ', 'rpoD', 'rpsU', 'ssb', 'sulA', 'umuC', 'umuD', 'uvrA', 'uvrB', 'uvrC', 'uvrD', 'ftsL', 'uvrY', 'dinD', 'dinG', 'dinF', 'ybiB', 'ybfE', 'yebG', 'sbmC', 'yehF', 'recX', 'ftsO', 'hokE', 'tisB', 'dinQ', 'yafQ', 'dinJ', 'dinB', 'yafN', 'yafO', 'yafP', 'ftsK', 'dinI', 'ydjM', 'cho', 'yoaA', 'insK', 'symE', 'ruvA', 'ruvB']"
YqhC,2,2,0,0,Activator,"['yqhD', 'dkgA']"
YefM,2,0,2,0,Repressor,"['yefM', 'yoeB']"
YieP,7,2,5,0,Dual,"['yieP', 'yohJ', 'cusA', 'dauA', 'rydC', 'ykgE', 'ybiX']"
DeoR,6,0,6,0,Repressor,"['deoA', 'deoB', 'deoC', 'deoD', 'nupG', 'tsx']"
HicB,2,0,2,0,Repressor,"['hicA', 'hicB']"
MarA,60,49,11,0,Dual,"['aldA', 'dapD', 'lpxC', 'fumC', 'lpxL', 'lacA', 'lacY', 'lacZ', 'map', 'fpr', 'nfo', 'poxB', 'purA', 'putA', 'rimK', 'sodA', 'tolC', 'xseA', 'ygiB', 'ygiC', 'zwf', 'nfsA', 'acnA', 'rob', 'hdeA', 'hdeB', 'yhiD', 'glnD', 'inaA', 'waaY', 'waaZ', 'marA', 'marR', 'marB', 'acrA', 'acrB', 'dctR', 'slp', 'pbpG', 'mdaB', 'mlaD', 'mlaE', 'mlaF', 'ybjC', 'micF', 'nfsB', 'decR', 'acrZ', 'ybjN', 'pqiA', 'pqiB', 'pqiC', 'ycgZ', 'ymgA', 'ariR', 'ymgC', 'yncE', 'yhbW', 'mlaB', 'mlaC']"
StpA,21,11,10,0,Dual,"['bglB', 'bglF', 'bglG', 'leuO', 'malE', 'malF', 'malG', 'proV', 'proW', 'proX', 'fau', 'stpA', 'cas2', 'ssrS', 'malH', 'cas1', 'casE', 'casD', 'casC', 'casB', 'casA']"
DecR,2,2,0,0,Activator,"['cyuP', 'cyuA']"
CadC,3,3,0,0,Activator,"['cadA', 'cadB', 'cadC']"
GalR,10,0,6,4,Repressor,"['galE', 'galK', 'galR', 'galS', 'galT', 'mglA', 'mglB', 'mglC', 'galM', 'galP']"
ChbR,6,0,0,6,Repressor,"['chbB', 'chbC', 'chbA', 'chbR', 'chbF', 'chbG']"
FhlA,30,30,0,0,Activator,"['fdhF', 'fhlA', 'hycA', 'hycB', 'hycC', 'hycD', 'hycE', 'hycF', 'hycG', 'hycH', 'hypA', 'hypB', 'hypC', 'hypD', 'hypE', 'hyfA', 'hyfB', 'hypF', 'hydN', 'hyfC', 'hyfD', 'hyfE', 'hyfF', 'hyfG', 'hyfH', 'hyfI', 'hyfJ', 'hyfR', 'focB', 'hycI']"
MazEF,3,0,3,0,Repressor,"['mazE', 'mazG', 'mazF']"
HipAB,5,0,5,0,Repressor,"['hipB', 'hipA', 'mazE', 'relA', 'mazF']"
MurR,3,0,2,1,Repressor,"['murR', 'murQ', 'murP']"
NarL,126,38,81,7,Dual,"['dcuB', 'cydC', 'adhE', 'aspA', 'moeA', 'moeB', 'cysG', 'dmsA', 'dmsB', 'dmsC', 'fdhF', 'frdA', 'frdB', 'frdC', 'frdD', 'fumB', 'hyaA', 'hyaB', 'hyaC', 'hyaD', 'hyaE', 'hyaF', 'narG', 'narH', 'narI', 'narJ', 'narK', 'nirB', 'nirC', 'nirD', 'ogt', 'pflB', 'poxB', 'ompW', 'dcuA', 'fdnG', 'fdnH', 'fdnI', 'focA', 'ubiC', 'ubiA', 'cydD', 'nikR', 'nuoM', 'nuoF', 'nrfA', 'hybA', 'hybB', 'hybC', 'hybD', 'hybE', 'hybF', 'hybG', 'torA', 'torC', 'nrfB', 'nrfC', 'nrfD', 'nrfE', 'nrfF', 'nrfG', 'ccmH', 'ccmG', 'ccmF', 'ccmE', 'ccmC', 'ccmB', 'ccmA', 'napC', 'napB', 'napH', 'napG', 'napA', 'napF', 'nikA', 'nikB', 'nikC', 'nikD', 'nikE', 'nuoA', 'nuoB', 'nuoC', 'nuoE', 'nuoG', 'nuoH', 'nuoI', 'nuoJ', 'nuoK', 'nuoL', 'nuoN', 'napD', 'ccmD', 'torD', 'norW', 'narS', 'aspX', 'caiF', 'citG', 'citX', 'citF', 'citE', 'citD', 'citC', 'dpiB', 'dpiA', 'hcr', 'hcp', 'ydeP', 'ynfE', 'ynfF', 'ynfG', 'ynfH', 'dmsD', 'ydhT', 'ydhU', 'ydhX', 'ydhW', 'ydhV', 'ydhY', 'yoaG', 'yeaR', 'norV', 'hybO', 'dcuR', 'dcuS', 'ytfE']"
HipB,8,0,8,0,Repressor,"['hipB', 'hipA', 'mazE', 'relA', 'mazF', 'fadH', 'eutA', 'eutH']"
BluR,4,0,4,0,Repressor,"['ycgZ', 'ymgA', 'ariR', 'ymgC']"
YgiV,1,0,1,0,Repressor,['mcbR']
MraZ,18,0,18,0,Repressor,"['ddlB', 'lpxC', 'ftsA', 'ftsI', 'ftsQ', 'ftsW', 'ftsZ', 'mraY', 'murC', 'murD', 'murE', 'murF', 'murG', 'mraZ', 'rsmH', 'ftsL', 'mioC', 'ftsO']"
IclR,4,0,4,0,Repressor,"['aceA', 'aceB', 'aceK', 'iclR']"
FadR,23,12,11,0,Dual,"['accD', 'fabA', 'fabB', 'accB', 'accC', 'fabH', 'fadA', 'fadB', 'fadL', 'fadR', 'iclR', 'fabD', 'fabG', 'uspA', 'fabI', 'fadD', 'accA', 'sroD', 'fadH', 'fadE', 'fadM', 'fadJ', 'fadI']"
HdfR,6,4,2,0,Dual,"['flhC', 'flhD', 'gltB', 'gltD', 'maoP', 'gltF']"
OmpR,57,29,27,1,Dual,"['bolA', 'cadA', 'cadB', 'cadC', 'fadL', 'flhC', 'flhD', 'htpX', 'lpp', 'malE', 'narV', 'narW', 'narY', 'narZ', 'nmpC', 'ompC', 'ompF', 'potE', 'speF', 'tolC', 'pdhR', 'tsgA', 'rob', 'sra', 'nuoN', 'feoA', 'feoB', 'acrR', 'ompX', 'rhtA', 'galP', 'narU', 'sstT', 'feoC', 'micF', 'speFL', 'omrA', 'omrB', 'ecnB', 'fadE', 'gmhA', 'copA', 'csgI', 'pgaD', 'pgaC', 'pgaB', 'pgaA', 'csgG', 'csgF', 'csgE', 'csgD', 'dtpA', 'yobB', 'exoX', 'znuA', 'queE', 'alx']"
GlaR,120,44,76,0,Dual,"['apt', 'aroB', 'aroP', 'cadC', 'cysN', 'cysS', 'fhuE', 'gabT', 'gdhA', 'zraR', 'kdsA', 'mglA', 'mrdA', 'murD', 'nlpA', 'pdxA', 'ppiB', 'priC', 'rhsD', 'rpsF', 'tar', 'pdhR', 'ttdA', 'yidB', 'gabD', 'gabP', 'ppx', 'inaA', 'yigG', 'gltF', 'smg', 'baeS', 'phoH', 'chaA', 'gcvA', 'rpiB', 'yihD', 'yihM', 'kdgT', 'tehA', 'dctR', 'htrE', 'yehD', 'yehE', 'yehS', 'rssB', 'idnK', 'hinT', 'gadW', 'gadX', 'yadN', 'lhgD', 'chaB', 'chaC', 'rfbB', 'prmC', 'yfjD', 'yfiL', 'sgcC', 'ttdR', 'ygjI', 'ybaN', 'dgcN', 'yjdP', 'dinQ', 'ldcC', 'elfC', 'ycbU', 'ycbV', 'csgI', 'yccU', 'bssS', 'pdeG', 'ycgJ', 'pliG', 'ycgY', 'ycgV', 'ychQ', 'yciU', 'ycjP', 'ynaE', 'ydcK', 'ydeO', 'safA', 'lsrG', 'tam', 'ydfI', 'ydfK', 'ydhS', 'ynjH', 'yeaE', 'yobD', 'yodB', 'yfbN', 'yfbO', 'hxpA', 'yfbU', 'yfcO', 'yfcV', 'yfdC', 'yfdV', 'oxc', 'ypdC', 'yfiR', 'ypjA', 'glaH', 'alaE', 'casA', 'yqhC', 'ygiV', 'ygiW', 'yhcD', 'rsgA', 'orn', 'yjfY', 'bdcA', 'bdcR', 'idnD', 'yjjP', 'yjjQ']"
HyfR,12,12,0,0,Activator,"['hyfA', 'hyfB', 'hyfC', 'hyfD', 'hyfE', 'hyfF', 'hyfG', 'hyfH', 'hyfI', 'hyfJ', 'hyfR', 'focB']"
RutR,17,2,15,0,Dual,"['carA', 'carB', 'fepB', 'gadW', 'gadX', 'rutR', 'rutG', 'rutF', 'rutE', 'rutD', 'rutC', 'rutB', 'rutA', 'pdeR', 'nemR', 'nemA', 'gloA']"
SutR,8,1,6,1,Dual,"['cysE', 'pfkB', 'fliA', 'fliZ', 'ypfN', 'ydcO', 'sutR', 'tcyJ']"
GlrR,6,6,0,0,Activator,"['rpoE', 'rseA', 'rseD', 'glmY', 'rseC', 'rseB']"
AppY,10,10,0,0,Activator,"['appA', 'hyaA', 'hyaB', 'hyaC', 'hyaD', 'hyaE', 'hyaF', 'appB', 'appC', 'appX']"
QseB,14,12,1,1,Dual,"['dnaA', 'fimA', 'fimC', 'fimD', 'fimF', 'fimG', 'fimH', 'flhC', 'flhD', 'fimI', 'qseC', 'fimR2', 'feaR', 'qseB']"
CRP,587,446,92,49,Dual,"['modB', 'dcuB', 'zraS', 'aceA', 'aceB', 'aceE', 'aceF', 'aceK', 'agp', 'aldA', 'puuC', 'ampD', 'ampE', 'ansB', 'araA', 'araB', 'araC', 'araD', 'araE', 'araF', 'araG', 'araH', 'araJ', 'argG', 'aroA', 'ascB', 'ascF', 'aspA', 'bglB', 'bglF', 'bglG', 'cdd', 'chbB', 'chbC', 'chbA', 'chbR', 'chbF', 'modC', 'cirA', 'cpdB', 'crp', 'crr', 'cstA', 'cyaA', 'cyoA', 'cyoB', 'cyoC', 'cyoD', 'cyoE', 'cysG', 'cytR', 'deoA', 'deoB', 'deoC', 'deoD', 'dksA', 'dsdA', 'dsdX', 'ebgA', 'ebgC', 'entA', 'entB', 'entC', 'entD', 'entE', 'entF', 'envZ', 'fadL', 'fbaA', 'fecA', 'fecB', 'fecC', 'fecD', 'fecE', 'fepA', 'fis', 'flhC', 'flhD', 'fucA', 'fucI', 'fucK', 'fucO', 'fucP', 'fucR', 'fucU', 'fumA', 'fumB', 'fumC', 'fur', 'gabT', 'galE', 'galK', 'galS', 'galT', 'gapA', 'epd', 'gcd', 'gcvH', 'gdhA', 'glgA', 'glgC', 'glgP', 'glnA', 'glnG', 'glnL', 'glpA', 'glpB', 'glpC', 'glpD', 'glpE', 'glpF', 'glpG', 'glpK', 'glpQ', 'glpR', 'glpT', 'gltA', 'gltB', 'gltD', 'grpE', 'guaA', 'guaB', 'gyrA', 'hflC', 'hflK', 'hflX', 'hfq', 'htpG', 'hupA', 'hupB', 'zraR', 'ilvB', 'ilvN', 'infB', 'rpoS', 'lacA', 'lacI', 'lacY', 'lacZ', 'lamB', 'lpd', 'malE', 'malF', 'malG', 'malI', 'malK', 'malM', 'malT', 'malX', 'malY', 'manA', 'manX', 'manY', 'manZ', 'mazE', 'mdh', 'melA', 'melB', 'metK', 'mglA', 'mglB', 'mglC', 'mtlA', 'mtlD', 'nagA', 'nagB', 'umpH', 'nagE', 'nagC', 'nanA', 'nirB', 'nirC', 'nirD', 'nmpC', 'nrdA', 'nrdB', 'nupG', 'nusA', 'ompA', 'ompF', 'ompR', 'oxyR', 'pck', 'pflB', 'pgk', 'pncB', 'pnp', 'ppiA', 'priB', 'ptsG', 'ptsH', 'ptsI', 'purH', 'putP', 'rbsA', 'rbsB', 'rbsC', 'rbsD', 'rbsK', 'rbsR', 'relA', 'rhaR', 'rhaS', 'rplI', 'rplM', 'rpoH', 'rpsF', 'rpsI', 'rpsO', 'rpsR', 'sdhA', 'sdhB', 'sdhC', 'sdhD', 'secB', 'serA', 'serC', 'sfsA', 'sodA', 'sodB', 'sohB', 'speC', 'srlE', 'srlB', 'srlD', 'gutM', 'gutQ', 'srlR', 'sucA', 'sucB', 'sucC', 'sucD', 'tdcA', 'tdcB', 'tdcC', 'tnaA', 'tnaB', 'trg', 'trxA', 'tsx', 'udp', 'ugpA', 'ugpB', 'ugpC', 'ugpE', 'ugpQ', 'uhpT', 'uidA', 'uxaB', 'uxuA', 'xseA', 'xylA', 'xylB', 'xylE', 'pdhR', 'entH', 'cspD', 'ompW', 'ubiG', 'hyfA', 'raiA', 'ygeA', 'tdcD', 'truB', 'rbfA', 'rimP', 'yhfA', 'psiE', 'dcuA', 'melR', 'mazF', 'focA', 'ivbL', 'tnaC', 'hyfB', 'preA', 'dusB', 'rhaT', 'malS', 'acnA', 'gabD', 'gabP', 'glgS', 'osmY', 'treC', 'dadA', 'dadX', 'marA', 'marR', 'gcvT', 'acs', 'narQ', 'gadB', 'gltF', 'glpX', 'fadD', 'ychH', 'gadE', 'nadC', 'caiD', 'caiC', 'caiB', 'caiA', 'caiT', 'fixA', 'fixB', 'fixC', 'fixX', 'marB', 'proP', 'psuK', 'uidB', 'galM', 'grcA', 'hofC', 'gcvP', 'puuB', 'csqR', 'rhaD', 'rhaA', 'rhaB', 'sbmC', 'rpoE', 'aphA', 'actP', 'yjcH', 'mtlR', 'nupC', 'yehA', 'yehB', 'yehC', 'yehD', 'psuG', 'efpL', 'hofB', 'ppdD', 'treB', 'nlpE', 'galP', 'idnK', 'cspE', 'chbG', 'mdtE', 'mdtF', 'gadX', 'xylG', 'xylH', 'plaR', 'yiaK', 'yiaL', 'yiaM', 'yiaN', 'yiaO', 'lyxK', 'sgbH', 'sgbU', 'sgbE', 'aldB', 'acnB', 'rseA', 'arfB', 'ybgD', 'yfaE', 'gntT', 'lhgD', 'aegA', 'gatA', 'gatB', 'gatC', 'gatD', 'gatY', 'modA', 'puuR', 'mpl', 'ulaB', 'ulaC', 'cycA', 'idnT', 'sgcA', 'sgcC', 'sgcX', 'gntP', 'caiE', 'gntK', 'gntU', 'cas3', 'uxaA', 'exuT', 'exuR', 'agaA', 'cas2', 'frlA', 'dctA', 'dgoA', 'dgoK', 'dgoT', 'gpsA', 'hpt', 'uxuB', 'uxuR', 'xylF', 'xylR', 'metY', 'spf', 'rmf', 'gadA', 'sgcB', 'hicA', 'yeiW', 'azuC', 'ykgR', 'gadF', 'rseD', 'sdhX', 'rbsZ', 'raiZ', 'malH', 'chiZ', 'aspX', 'uhpU', 'xylZ', 'azuR', 'spfP', 'glnZ', 'csrC', 'cyaR', 'mcaS', 'sroD', 'fadH', 'yaeP', 'nanT', 'caiF', 'rof', 'yaeQ', 'yahN', 'prpR', 'prpB', 'prpC', 'prpD', 'prpE', 'mhpR', 'mhpE', 'sfmA', 'citG', 'citX', 'citF', 'citE', 'citD', 'citC', 'dpiB', 'dpiA', 'rihA', 'chiP', 'chiQ', 'b0725', 'fiu', 'ldtB', 'ybiT', 'elfA', 'ycdZ', 'csgG', 'csgF', 'csgE', 'csgD', 'comR', 'bhsA', 'hlyE', 'puuD', 'puuE', 'abgR', 'feaR', 'paaZ', 'paaA', 'paaB', 'paaC', 'paaD', 'paaE', 'paaF', 'paaG', 'paaH', 'paaI', 'paaJ', 'paaK', 'mokB', 'hicB', 'ortT', 'gadC', 'lsrK', 'lsrR', 'lsrA', 'lsrC', 'lsrD', 'lsrB', 'lsrF', 'lsrG', 'tam', 'rspB', 'rspA', 'bidA', 'mlc', 'uidC', 'gatZ', 'preT', 'yfcV', 'murQ', 'murP', 'hyfC', 'hyfD', 'hyfE', 'hyfF', 'hyfG', 'hyfH', 'hyfI', 'hyfJ', 'hyfR', 'focB', 'csiE', 'rseC', 'rseB', 'patZ', 'glaH', 'cas1', 'casE', 'casD', 'casC', 'casB', 'casA', 'ygcW', 'yqeF', 'ygeW', 'glcC', 'aer', 'tdcG', 'tdcF', 'tdcE', 'kbaZ', 'agaV', 'agaW', 'yraH', 'nanQ', 'nanK', 'nanE', 'aaeB', 'aaeA', 'aaeX', 'aaeR', 'frlB', 'frlC', 'frlD', 'frlR', 'hofP', 'hofO', 'hofN', 'hofM', 'yhgH', 'nfuA', 'dgoR', 'dcuR', 'ulaA', 'ulaD', 'ulaE', 'ulaF', 'ytfK', 'idnR', 'idnO', 'idnD', 'yjhG', 'yjhH', 'yjhI', 'sgcR', 'sgcE', 'sgcQ', 'nanS', 'nanM', 'nanC', 'btsT', 'lgoR', 'lgoD', 'feaB', 'uxaC', 'srlA', 'dgoD', 'mhpA', 'mhpB', 'mhpC', 'mhpD', 'mhpF']"
DksA,162,41,117,4,Dual,"['argI', 'dksA', 'dnaG', 'fabH', 'fadR', 'fimB', 'fis', 'mutM', 'fusA', 'ihfA', 'ihfB', 'hisA', 'hisB', 'hisC', 'hisD', 'hisF', 'hisG', 'hisH', 'hisI', 'hmp', 'infC', 'rpoS', 'livJ', 'pcnB', 'pheS', 'pheT', 'secY', 'recG', 'rplA', 'rplB', 'rplC', 'rplD', 'rplE', 'rplF', 'rplJ', 'rplK', 'rplL', 'rplM', 'rplN', 'rplO', 'rplP', 'rplQ', 'rplR', 'rplS', 'rplT', 'rplV', 'rplW', 'rplX', 'rplY', 'rpmB', 'rpmC', 'rpmD', 'rpmG', 'rpoA', 'rpoB', 'rpoC', 'rpoD', 'rpoZ', 'rpsA', 'rpsC', 'rpsD', 'rpsE', 'rpsG', 'rpsH', 'rpsI', 'rpsJ', 'rpsK', 'rpsL', 'rpsM', 'rpsN', 'rpsP', 'rpsQ', 'rpsS', 'rpsT', 'rpsU', 'spoT', 'trmH', 'thrA', 'thrB', 'thrC', 'thrS', 'trmD', 'tufA', 'rimM', 'rpmI', 'rpmJ', 'iraP', 'hisL', 'pheM', 'thrL', 'dusB', 'fabD', 'fabG', 'gluQ', 'folK', 'csrA', 'yhbE', 'thiQ', 'thiP', 'thiB', 'setA', 'talA', 'rpoE', 'sgrR', 'tktB', 'rseA', 'alaT', 'alaU', 'alaV', 'argX', 'gltT', 'gltU', 'gltV', 'gltW', 'hisR', 'ileT', 'ileU', 'ileV', 'leuT', 'proM', 'rrfA', 'rrfB', 'rrfC', 'rrfD', 'rrfE', 'rrfG', 'rrfH', 'rrlA', 'rrlB', 'rrlC', 'rrlD', 'rrlE', 'rrlG', 'rrlH', 'rrsA', 'rrsB', 'rrsC', 'rrsD', 'rrsE', 'rrsG', 'rrsH', 'rrfF', 'thrV', 'rplU', 'rpmA', 'sgrT', 'idlP', 'ytiC', 'ytiD', 'csrB', 'csrC', 'rybB', 'isrC', 'sroA', 'sgrS', 'hlyE', 'dsrA', 'flu', 'rseC', 'rseB', 'obgE', 'iraD']"
RbsR,12,3,9,0,Dual,"['add', 'purD', 'purH', 'rbsA', 'rbsB', 'rbsC', 'rbsD', 'rbsK', 'rbsR', 'dcd', 'udk', 'rbsZ']"
SrlR,7,0,7,0,Repressor,"['srlE', 'srlB', 'srlD', 'gutM', 'gutQ', 'srlR', 'srlA']"
GlpR,9,0,9,0,Repressor,"['glpA', 'glpB', 'glpC', 'glpD', 'glpF', 'glpK', 'glpQ', 'glpT', 'glpX']"
BirA,5,0,5,0,Repressor,"['bioA', 'bioB', 'bioC', 'bioD', 'bioF']"
Cra,133,49,60,24,Dual,"['aceA', 'aceB', 'aceE', 'aceF', 'aceK', 'adhE', 'aroP', 'betA', 'betB', 'betI', 'betT', 'crp', 'crr', 'cydA', 'cydB', 'cyoA', 'cyoB', 'cyoC', 'cyoD', 'cyoE', 'cysG', 'eda', 'edd', 'eno', 'fbaA', 'fbp', 'fruA', 'fruK', 'gapA', 'epd', 'hisA', 'hisB', 'hisC', 'hisD', 'hisF', 'hisG', 'hisH', 'hisI', 'icd', 'lpd', 'manX', 'manY', 'manZ', 'metE', 'mtlA', 'mtlD', 'nirB', 'nirC', 'nirD', 'pck', 'pfkA', 'pgk', 'poxB', 'ppc', 'ppsA', 'ptsH', 'ptsI', 'pykF', 'tpiA', 'pdhR', 'ppsR', 'raiA', 'zwf', 'pdeL', 'acnA', 'ychE', 'treC', 'marA', 'marR', 'nikR', 'hypF', 'marB', 'setA', 'nuoM', 'nuoF', 'mtlR', 'nikA', 'nikB', 'nikC', 'nikD', 'nikE', 'nuoA', 'nuoB', 'nuoC', 'nuoE', 'nuoG', 'nuoH', 'nuoI', 'nuoJ', 'nuoK', 'nuoL', 'nuoN', 'treB', 'gpmM', 'envC', 'yibQ', 'acnB', 'ssuB', 'nrdF', 'msrB', 'mpl', 'glk', 'nrdE', 'sgrT', 'sgrS', 'prpB', 'prpC', 'prpD', 'prpE', 'ssuC', 'ssuD', 'ssuA', 'ssuE', 'csgG', 'csgF', 'csgE', 'csgD', 'fumD', 'yeaC', 'yeaD', 'tmaR', 'mdtA', 'fbaB', 'nrdH', 'nrdI', 'glcC', 'yhfS', 'yhfT', 'yhfU', 'php', 'yhfW', 'yhfX', 'fruB']"
NorR,3,2,1,0,Dual,"['norR', 'norW', 'norV']"
GadX,34,23,7,4,Dual,"['asnB', 'btuB', 'cadA', 'cadB', 'hns', 'rpoS', 'lon', 'murI', 'uspE', 'hdeA', 'hdeB', 'yhiD', 'gadB', 'hdeD', 'gadE', 'amtB', 'dctR', 'slp', 'glnK', 'mdtE', 'mdtF', 'gadW', 'gadX', 'gadA', 'gadF', 'gadY', 'glsA', 'ybaT', 'gadC', 'ydeM', 'ydeN', 'ynfB', 'speG', 'dtpA']"
SoxS,54,50,4,0,Dual,"['aldA', 'cadA', 'dapD', 'lpxC', 'fldA', 'fumC', 'fur', 'lpxL', 'map', 'fpr', 'nfo', 'pgi', 'poxB', 'ptsG', 'rimK', 'sodA', 'soxS', 'tolC', 'ompW', 'ygiB', 'ygiC', 'zwf', 'nfsA', 'acnA', 'ribA', 'rob', 'glnD', 'inaA', 'waaY', 'waaZ', 'marA', 'marR', 'marB', 'nepI', 'acrA', 'acrB', 'pbpG', 'mdaB', 'fldB', 'ybjC', 'micF', 'nfsB', 'uof', 'decR', 'acrZ', 'ybjN', 'pqiA', 'pqiB', 'pqiC', 'ompN', 'ydbK', 'zinT', 'yhbW', 'yrbL']"
CRP-Sxy,1,1,0,0,Activator,['sxy']
YfeC,6,1,5,0,Dual,"['rpmB', 'rpmH', 'rpsU', 'yfeC', 'hybE', 'ygdR']"
DicD,3,0,3,0,Repressor,"['dicA', 'dicB', 'dicC']"
LldR,11,8,0,3,Activator,"['fadL', 'lldP', 'lldR', 'lldD', 'gadW', 'gadY', 'fadE', 'yfdY', 'lpxP', 'glcD', 'yhcO']"
AsnC,4,1,3,0,Dual,"['asnA', 'asnC', 'mnmG', 'mioC']"
LysR,2,1,1,0,Dual,"['lysA', 'lysR']"
AscG,5,0,5,0,Repressor,"['ascB', 'ascF', 'htpG', 'prpR', 'ybiT']"
DpiA,11,10,1,0,Dual,"['appY', 'mdh', 'exuT', 'citG', 'citX', 'citF', 'citE', 'citD', 'citC', 'dpiB', 'dpiA']"
Nac,557,162,367,28,Dual,"['ispB', 'aceB', 'ackA', 'amn', 'ampD', 'cysQ', 'ansB', 'araE', 'araF', 'aroD', 'aroE', 'aroF', 'asnA', 'asnC', 'bfr', 'bglB', 'bisC', 'cheA', 'moeA', 'cpdB', 'cydA', 'cynT', 'cysJ', 'cysS', 'dapB', 'dcm', 'dcp', 'ddlA', 'deoR', 'dld', 'dnaA', 'mltD', 'dppA', 'acrE', 'fepE', 'fliC', 'fucA', 'gabT', 'gdhA', 'mnmG', 'glpK', 'gltA', 'gltB', 'gltD', 'gltP', 'gor', 'hemB', 'hemH', 'hfq', 'htpG', 'htpX', 'hupA', 'icd', 'ilvN', 'infA', 'intD', 'katG', 'kbl', 'kdsA', 'lepA', 'lepB', 'leuO', 'livH', 'livK', 'livM', 'lrp', 'lysA', 'lysR', 'lysU', 'malI', 'malY', 'map', 'mcrB', 'metE', 'metR', 'mglA', 'mglB', 'groS', 'mreC', 'nanA', 'narK', 'narX', 'nusA', 'nusB', 'ompA', 'ompF', 'ompR', 'ompT', 'oppA', 'oppC', 'osmB', 'pfkB', 'phoB', 'pstS', 'pldA', 'pntA', 'pntB', 'polA', 'ppc', 'ppiB', 'pstC', 'ptrA', 'pyrB', 'rcsA', 'rep', 'rfaH', 'fliD', 'rpmH', 'rpoZ', 'sdaA', 'sdhA', 'sdhB', 'sdhC', 'sdhD', 'sdiA', 'serA', 'gmk', 'srlR', 'sucA', 'tdcA', 'tdcR', 'thrS', 'tnaA', 'tnaB', 'tolB', 'trxB', 'uhpA', 'sbcD', 'yajD', 'ybgC', 'uvrY', 'xapR', 'ppdC', 'ygdB', 'argO', 'yhaB', 'rimP', 'mscL', 'bfd', 'mioC', 'ydiB', 'pdeL', 'ycaC', 'ycaD', 'chpS', 'ychA', 'iraP', 'yifB', 'ilvL', 'tnaC', 'pyrL', 'leuL', 'wzzE', 'dsbA', 'codA', 'codB', 'gabD', 'gabP', 'ligB', 'lysP', 'waaG', 'mdtG', 'gspO', 'amiB', 'bglH', 'ubiA', 'ahpC', 'uspA', 'osmY', 'dadA', 'glnD', 'cynR', 'msrA', 'marR', 'gcvT', 'yigI', 'yigL', 'pabC', 'holE', 'gltF', 'yhcA', 'ycgB', 'ybfC', 'cfa', 'ibpA', 'wrbA', 'gadE', 'nadC', 'greB', 'moaB', 'ygiF', 'evgA', 'eptA', 'eamA', 'ydeE', 'yafC', 'yafD', 'yafE', 'moaC', 'yadC', 'yicJ', 'nudC', 'yidQ', 'yieE', 'yieH', 'cbrB', 'cbrC', 'yieP', 'phoH', 'rsd', 'nfrB', 'ybbC', 'gmd', 'fcl', 'cmtB', 'cmtA', 'rlmM', 'hofC', 'torA', 'mobA', 'yihD', 'hemN', 'yihL', 'yihO', 'yihQ', 'yiiE', 'yiiF', 'fdoG', 'fdhD', 'yijO', 'yjaH', 'yjbB', 'yjbQ', 'yjcB', 'pdeC', 'yjcF', 'nrfF', 'nrfG', 'yjcO', 'nupC', 'htrE', 'rfbC', 'yehE', 'bglX', 'yeiH', 'yejB', 'yejG', 'lapC', 'ccmH', 'ccmB', 'ccmA', 'napC', 'napB', 'secG', 'yeiE', 'prfC', 'rhtA', 'nlpE', 'yaeF', 'cobT', 'gspM', 'ygaC', 'cspC', 'waaF', 'yhhQ', 'yhiJ', 'mdtE', 'mdtF', 'gadX', 'yhjD', 'yhjE', 'yiaD', 'wecH', 'yadM', 'cdaR', 'yfaE', 'ygiL', 'ppnN', 'yecD', 'yecE', 'glaR', 'lhgD', 'ybgE', 'iaaA', 'rfbB', 'gatA', 'gatB', 'gatC', 'gatD', 'tomB', 'ygiM', 'yfiL', 'prmB', 'yjeM', 'cycA', 'ybaL', 'dppB', 'dppC', 'dppD', 'dppF', 'ygiN', 'lpxH', 'ycaK', 'ygjI', 'exuT', 'kbaY', 'yecF', 'pitB', 'cobU', 'argU', 'asnT', 'asnV', 'leuU', 'metY', 'selC', 'spf', 'rplU', 'yohO', 'yciZ', 'sibE', 'shoB', 'ecnA', 'sibA', 'mgtS', 'tff', 'micC', 'yoeB', 'ecnB', 'torI', 'nanT', 'caiF', 'yafV', 'ivy', 'dpaA', 'yafQ', 'dinJ', 'yafN', 'yafO', 'yagU', 'ykgL', 'ykgE', 'ykgH', 'yaiS', 'tauA', 'yaiY', 'yaiZ', 'thiL', 'yajO', 'allR', 'allW', 'glxK', 'ybcK', 'borD', 'ybcV', 'ybdK', 'dsbG', 'uspG', 'ybdR', 'nadD', 'ybeQ', 'ybeR', 'ybeT', 'ybeU', 'ybhD', 'ybhH', 'ybhI', 'ybhM', 'mcbA', 'rlmF', 'ybjP', 'ybjQ', 'ybjX', 'macA', 'ycaN', 'ssuE', 'elfA', 'elfG', 'yccM', 'rutB', 'pgaA', 'dgcT', 'bssS', 'rluE', 'ycgX', 'ycgJ', 'dhaK', 'dhaR', 'ycgV', 'ymjA', 'abgA', 'abgR', 'ydaT', 'ydaU', 'ynaK', 'stfR', 'tfaR', 'pinR', 'ompN', 'feaR', 'ydcI', 'ydcS', 'ydcT', 'ydcU', 'ydcV', 'patD', 'ortT', 'ydcY', 'ydcZ', 'curA', 'ansP', 'ddpC', 'ydeP', 'ydeQ', 'yneK', 'ydfK', 'pinQ', 'tfaQ', 'ydfR', 'ynfA', 'ynfB', 'ynfD', 'ynfE', 'ynfF', 'ynfG', 'bidA', 'ydgH', 'fumD', 'ydiL', 'ydiM', 'ydiO', 'ydiP', 'rflP', 'ydiY', 'yniB', 'hxpB', 'cho', 'ynjF', 'nudG', 'ynjH', 'yobF', 'kdgR', 'yebQ', 'rsmF', 'yebZ', 'yobA', 'yobB', 'znuA', 'uspC', 'ftnB', 'dcyD', 'yedL', 'hchA', 'hprR', 'mtfA', 'shiA', 'nac', 'yeeZ', 'ugd', 'wcaF', 'wcaE', 'wzc', 'wzb', 'wza', 'yegH', 'yegL', 'yegR', 'yfbK', 'yfbL', 'yfbV', 'yfcO', 'yfcP', 'emrK', 'yfdE', 'yfdV', 'alaC', 'mntH', 'pdxK', 'yfeK', 'yfeS', 'eutS', 'pdeF', 'yfgG', 'yfgH', 'csiE', 'hcaR', 'yfhL', 'yfiR', 'yfjI', 'abpA', 'rnlB', 'ileY', 'glaH', 'ygaV', 'ygaP', 'ygaM', 'ygaZ', 'pphB', 'ispD', 'queD', 'ygcO', 'ygcP', 'ygcS', 'ygcE', 'gudX', 'queF', 'ygdR', 'kduI', 'yqeH', 'yqeJ', 'yqeK', 'ygeG', 'xdhA', 'yqeB', 'scpB', 'srsR', 'yggP', 'yghG', 'glcA', 'yghS', 'yghT', 'dkgA', 'ygiZ', 'ygjH', 'yhaI', 'yraH', 'ubiT', 'ubiU', 'yhbX', 'yhcC', 'yhcD', 'nanK', 'yhdV', 'gspG', 'gspH', 'yhfL', 'yhfZ', 'yhhZ', 'yrhB', 'insK', 'yjeH', 'yjeJ', 'blc', 'yjfZ', 'ytfB', 'fklB', 'ytfJ', 'ytfK', 'ytfP', 'yjgH', 'yjgM', 'yjgN', 'yjhI', 'fhuF', 'feaB', 'nrdG', 'uxaC', 'hcaE']"
IscR,33,11,22,0,Dual,"['hyaA', 'hyaB', 'hyaC', 'hyaD', 'hyaE', 'hyaF', 'sufA', 'napC', 'napB', 'napH', 'napG', 'napA', 'napF', 'iscA', 'napD', 'erpA', 'nrdF', 'nrdE', 'torT', 'sufE', 'sufS', 'sufD', 'sufC', 'sufB', 'selO', 'iscU', 'iscS', 'iscR', 'rnlA', 'rnlB', 'nrdH', 'nrdI', 'nfuA']"
YgbI,2,0,2,0,Repressor,"['ygbJ', 'ygbK']"
RacR,6,0,6,0,Repressor,"['ydaS', 'ydaT', 'ydaU', 'ydaV', 'ydaW', 'rzpR']"
CusR,14,14,0,0,Activator,"['cyoA', 'cyoB', 'cyoC', 'cyoD', 'cyoE', 'cusA', 'cusS', 'cusR', 'cusC', 'cusF', 'cusB', 'hiuH', 'msrP', 'msrQ']"
MalI,3,0,3,0,Repressor,"['malI', 'malX', 'malY']"
Lrp,368,130,180,58,Dual,"['cydC', 'aceB', 'adhE', 'alaS', 'ansB', 'arcB', 'argA', 'argR', 'argS', 'argT', 'aroA', 'aroG', 'asnA', 'asnB', 'aspA', 'aspC', 'aspS', 'atpA', 'atpH', 'avtA', 'btuE', 'cadA', 'cadB', 'clpP', 'cysB', 'deaD', 'dedA', 'deoB', 'dppA', 'eco', 'eno', 'exbB', 'fadL', 'fimA', 'fimC', 'fimD', 'fimE', 'fimF', 'fimG', 'fimH', 'frdA', 'frdB', 'ftsQ', 'fumA', 'gabT', 'gcvH', 'gdhA', 'glgC', 'glnA', 'glnH', 'glnL', 'glnQ', 'gltB', 'gltD', 'gltP', 'gpt', 'lpxL', 'ilvA', 'ilvD', 'ilvE', 'ilvH', 'ilvI', 'ilvM', 'katE', 'kbl', 'leuO', 'livF', 'livG', 'livH', 'livJ', 'livK', 'livM', 'lrp', 'lysU', 'malT', 'manA', 'metH', 'metK', 'groL', 'groS', 'msbA', 'mtr', 'mutY', 'nusB', 'ompC', 'ompT', 'oppA', 'oppB', 'oppC', 'oppD', 'oppF', 'osmC', 'pabB', 'pal', 'pepD', 'phoA', 'pncB', 'pntA', 'polA', 'ppsA', 'purM', 'pyrI', 'relA', 'rplF', 'rplR', 'rpoN', 'rpsH', 'sdaA', 'serA', 'serB', 'serC', 'serS', 'ytjB', 'prlF', 'soxS', 'sulA', 'tdh', 'topA', 'treA', 'trxB', 'tyrP', 'tyrR', 'ybgA', 'trhO', 'yceB', 'yfiB', 'fau', 'argO', 'mscS', 'yhhA', 'rdcA', 'creA', 'leuA', 'uspE', 'iraP', 'rnr', 'ilvL', 'thrL', 'leuL', 'lipA', 'ribE', 'gabD', 'gabP', 'upp', 'lysP', 'ychE', 'mnmA', 'fliA', 'ubiA', 'osmY', 'hdeA', 'hdeB', 'yhiD', 'ppx', 'dadA', 'dadX', 'sthA', 'gcvT', 'rpiA', 'wecB', 'rhtB', 'gadB', 'rlmE', 'ppk', 'gltF', 'ycgB', 'ibpA', 'ibpB', 'stpA', 'thiC', 'proP', 'artP', 'artI', 'potF', 'ydeE', 'dgcZ', 'slyX', 'hpf', 'ptsN', 'yicH', 'emrD', 'phoH', 'rsd', 'yebF', 'purT', 'gcvP', 'aidB', 'rpiB', 'yiiM', 'menA', 'tsuA', 'yjbJ', 'pspG', 'aphA', 'yjbQ', 'yjbR', 'yibL', 'zntR', 'yhdN', 'htrE', 'fimI', 'yehL', 'yeiL', 'radD', 'napF', 'mqo', 'yojI', 'nuoA', 'lrhA', 'sdaC', 'brnQ', 'glnK', 'chbG', 'panZ', 'yhiM', 'dtpB', 'gadW', 'yhjE', 'bipP', 'yhjR', 'eptB', 'can', 'rseA', 'lhgD', 'ybiI', 'ybiJ', 'modA', 'ycfJ', 'yjeM', 'cycA', 'yacL', 'yabQ', 'yiaG', 'sstT', 'yhbY', 'yhdW', 'cpoB', 'yciN', 'alaT', 'alaU', 'alaV', 'gltT', 'gltU', 'gltV', 'gltW', 'ileT', 'ileU', 'ileV', 'metT', 'micF', 'rrfA', 'rrfB', 'rrfC', 'rrfD', 'rrfE', 'rrfG', 'rrfH', 'rrlA', 'rrlB', 'rrlC', 'rrlD', 'rrlE', 'rrlG', 'rrlH', 'rrsA', 'rrsB', 'rrsC', 'rrsD', 'rrsE', 'rrsG', 'rrsH', 'rrfF', 'ssrS', 'thrV', 'yibT', 'yciZ', 'ilvX', 'yoeG', 'fimR2', 'gadY', 'sroH', 'ldhA', 'yaaX', 'yaeQ', 'yagU', 'ykgE', 'yaiY', 'mscK', 'borD', 'ybdG', 'ybdF', 'ybdL', 'insH3', 'ybeX', 'zitB', 'ybgS', 'acrZ', 'pgl', 'ybhQ', 'ybiO', 'ybiT', 'ybjN', 'ybjS', 'ybjX', 'clpS', 'lolA', 'ycaM', 'hspQ', 'bssS', 'lolC', 'hlyE', 'dhaK', 'yciT', 'dgcM', 'ydcK', 'ydcL', 'ydeN', 'sad', 'ydgH', 'dtpA', 'slyA', 'ydhQ', 'astC', 'ynjH', 'yeaE', 'yeaG', 'dgcJ', 'leuE', 'yoaH', 'dgcQ', 'yodC', 'cbl', 'nac', 'yfaP', 'alaA', 'yfcC', 'fadI', 'yfcZ', 'zipA', 'intZ', 'csiE', 'glaH', 'alaE', 'amiC', 'yqeF', 'yqeG', 'glcA', 'ygiV', 'ygiW', 'qseB', 'insC5', 'aer', 'patA', 'yhcN', 'yhdV', 'yzgL', 'yhhW', 'fxsA', 'yjeH', 'yjfP', 'ytfB', 'ytfJ', 'ytfK', 'ridA', 'yjiC', 'iraD', 'yjiL', 'ilvG']"
BaeR,9,9,0,0,Activator,"['acrD', 'ycaC', 'baeS', 'baeR', 'mdtD', 'spy', 'mdtA', 'mdtB', 'mdtC']"
FrlR,5,0,5,0,Repressor,"['frlA', 'frlB', 'frlC', 'frlD', 'frlR']"
YgaV,4,4,0,0,Activator,"['cirA', 'fhuE', 'nfeF', 'fhuF']"
GalS,10,0,6,4,Repressor,"['galE', 'galK', 'galR', 'galS', 'galT', 'mglA', 'mglB', 'mglC', 'galM', 'galP']"
ExuR,10,0,10,0,Repressor,"['uxaB', 'uxuA', 'uxaA', 'exuT', 'exuR', 'uxuB', 'uxuR', 'lgoR', 'lgoD', 'uxaC']"
TrpR,12,0,12,0,Repressor,"['aroH', 'aroL', 'aroM', 'mtr', 'trpA', 'trpB', 'trpC', 'trpD', 'trpE', 'trpR', 'yaiA', 'trpL']"
EnvR,2,0,2,0,Repressor,"['acrA', 'acrB']"
HprR,14,9,5,0,Dual,"['cyoA', 'cyoB', 'cyoC', 'cyoD', 'cyoE', 'cusA', 'cusS', 'cusR', 'cusC', 'cusF', 'cusB', 'hiuH', 'msrP', 'msrQ']"
XapR,2,2,0,0,Activator,"['xapB', 'xapA']"
YhaJ,8,8,0,0,Activator,"['ygiD', 'ybiJ', 'bssS', 'yqjF', 'yhaJ', 'yhaK', 'yhaL', 'yhhW']"
HU,9,1,8,0,Dual,"['galE', 'galK', 'galT', 'mtr', 'tyrP', 'galM', 'pgm', 'seqA', 'micF']"
RhaR,2,2,0,0,Activator,"['rhaR', 'rhaS']"
DgoR,5,0,5,0,Repressor,"['dgoA', 'dgoK', 'dgoT', 'dgoR', 'dgoD']"
DcuR,13,13,0,0,Activator,"['dcuB', 'aspA', 'frdA', 'frdB', 'frdC', 'frdD', 'fumB', 'pck', 'dcuA', 'dctA', 'aspX', 'dpiB', 'dpiA']"
ZntR,3,0,2,1,Repressor,"['rsd', 'zntA', 'rmf']"
Rob,53,40,12,0,Dual,"['aldA', 'aslB', 'dapD', 'lpxC', 'fadA', 'fadB', 'fadL', 'fumC', 'lpxL', 'map', 'narG', 'nfo', 'rimK', 'sodA', 'tolC', 'ygiB', 'ygiC', 'zwf', 'nfsA', 'acnA', 'rob', 'mltF', 'glgS', 'glnD', 'inaA', 'waaY', 'waaZ', 'marA', 'marR', 'acs', 'fadD', 'marB', 'acrA', 'acrB', 'actP', 'yjcH', 'mdtD', 'yacH', 'chaC', 'yiaG', 'mdaB', 'ybjC', 'micF', 'nfsB', 'acrZ', 'ldtB', 'ybiT', 'ybjN', 'ydcL', 'astC', 'elaB', 'yhbO', 'yhbW']"
XylR,9,8,1,0,Dual,"['araC', 'xylA', 'xylB', 'xylE', 'xylG', 'xylH', 'xylF', 'xylR', 'xylZ']"
GadE,34,34,0,0,Activator,"['cyoA', 'cyoB', 'cyoC', 'cyoD', 'cyoE', 'lpxD', 'fliC', 'gltB', 'gltD', 'gnd', 'skp', 'lpxA', 'lrp', 'purA', 'rcsA', 'fabZ', 'hdeA', 'hdeB', 'yhiD', 'gadB', 'hdeD', 'gltF', 'gadE', 'yjbQ', 'yjbR', 'yhiM', 'mdtE', 'mdtF', 'gadW', 'gadX', 'gadF', 'gndA', 'fliX', 'gadC']"
Fur,282,77,192,11,Dual,"['garL', 'adk', 'ansB', 'araB', 'araF', 'argF', 'argG', 'argR', 'aspC', 'bfr', 'cadC', 'cirA', 'cyoA', 'cyoB', 'cyoC', 'cyoD', 'cyoE', 'dapB', 'dmsA', 'dmsB', 'dmsC', 'entA', 'entB', 'entC', 'entD', 'entE', 'entF', 'exbB', 'exbD', 'fecA', 'fecB', 'fecC', 'fecD', 'fecE', 'fecI', 'fecR', 'fepA', 'fepB', 'fepC', 'fepD', 'fepE', 'fepG', 'fes', 'fhuA', 'fhuB', 'fhuC', 'fhuD', 'fhuE', 'flhC', 'flhD', 'fnr', 'fumB', 'fumC', 'fur', 'gdhA', 'glnG', 'glnL', 'glpF', 'glpK', 'gltB', 'gltD', 'gnd', 'hmp', 'katE', 'rpoS', 'katG', 'lpd', 'manX', 'manY', 'manZ', 'map', 'mdh', 'metH', 'metJ', 'mglB', 'ndh', 'nth', 'ompF', 'oppA', 'oppB', 'oppC', 'oppD', 'oppF', 'pstB', 'purL', 'purR', 'pyrC', 'recN', 'rimK', 'ftnA', 'sdhA', 'sdhB', 'sdhC', 'sdhD', 'sdiA', 'serS', 'sodA', 'soxR', 'soxS', 'sucA', 'sucB', 'sucC', 'sucD', 'sulA', 'tonB', 'tsx', 'udp', 'ugpA', 'ugpB', 'ugpE', 'uxaB', 'uxuA', 'entS', 'entH', 'ompW', 'garK', 'garR', 'bfd', 'zwf', 'acnA', 'lysP', 'gspO', 'sufA', 'glnD', 'waaL', 'narQ', 'rmuC', 'qorA', 'gltF', 'flgL', 'leuD', 'moaA', 'sseB', 'yciI', 'nohA', 'eamA', 'gpmA', 'mdtL', 'phoH', 'efeB', 'rsd', 'yddA', 'yddB', 'grcA', 'amtB', 'yihN', 'yihX', 'zapB', 'pepE', 'yjbJ', 'actP', 'yjcH', 'yejG', 'mqo', 'yojI', 'feoA', 'feoB', 'ydcF', 'hscA', 'punC', 'narU', 'gspM', 'glnK', 'ygaC', 'yhjE', 'erpA', 'tcyN', 'nrdF', 'ydiE', 'dppB', 'dppC', 'dppD', 'dppF', 'grxB', 'garP', 'ybaN', 'feoC', 'uxuB', 'nrdE', 'rnpB', 'rmf', 'ybdZ', 'yjjZ', 'mntS', 'esrE', 'gndA', 'sdhX', 'ryhB', 'tisB', 'dinB', 'xynR', 'tauA', 'tauB', 'tauC', 'cusC', 'b0725', 'ybiX', 'fiu', 'mcbA', 'ybiU', 'rimO', 'bssR', 'efeU', 'efeO', 'ycgZ', 'ycgR', 'paaA', 'paaB', 'paaC', 'paaD', 'paaE', 'paaF', 'paaG', 'paaH', 'paaI', 'paaJ', 'paaK', 'ortT', 'pqqU', 'yncE', 'adhP', 'ydeN', 'tfaQ', 'stfQ', 'ynfD', 'tqsA', 'rsxA', 'rsxB', 'rsxC', 'rsxD', 'rsxG', 'rsxE', 'sufE', 'sufS', 'sufD', 'sufC', 'sufB', 'selO', 'yobD', 'mntP', 'ftnB', 'zinT', 'nac', 'yoeA', 'rcnA', 'rcnB', 'yfcV', 'mntH', 'maeB', 'pdeF', 'hcaR', 'nrdH', 'nrdI', 'yqeB', 'yqeC', 'mocA', 'yghF', 'hybO', 'yghW', 'gpr', 'yqhD', 'dkgA', 'nfeF', 'nfeR', 'yrbL', 'yhcC', 'gspC', 'gspD', 'gspE', 'gspF', 'gspG', 'gspH', 'gspI', 'gspJ', 'gspK', 'gspL', 'yhhY', 'yjiR', 'yjiT', 'bglJ', 'fhuF', 'uxaC']"
MntR,5,1,4,0,Dual,"['dps', 'mntS', 'rybA', 'mntP', 'mntH']"
PepA,3,0,3,0,Repressor,"['carA', 'carB', 'pepA']"
SoxR,8,7,1,0,Dual,"['aroF', 'fumC', 'sodA', 'soxR', 'soxS', 'tyrA', 'yjcB', 'yrbL']"
ArcA,238,72,154,12,Dual,"['dcuB', 'cydC', 'aceA', 'aceB', 'aceE', 'aceF', 'aceK', 'ackA', 'aldA', 'puuC', 'appA', 'appY', 'arcA', 'argR', 'argT', 'betA', 'betB', 'betI', 'betT', 'cadA', 'cadB', 'carA', 'moeA', 'moeB', 'cydA', 'cydB', 'cyoA', 'cyoB', 'cyoC', 'cyoD', 'cyoE', 'dppA', 'fadA', 'fadB', 'fadL', 'fnr', 'fumA', 'fumB', 'fumC', 'glpA', 'glpB', 'glpC', 'glpD', 'glpE', 'gltA', 'hemA', 'hyaA', 'hyaB', 'hyaC', 'hyaD', 'hyaE', 'hyaF', 'icd', 'rpoS', 'kdpA', 'kgtP', 'lpd', 'manA', 'mdh', 'ndh', 'ndk', 'oppA', 'oppB', 'oppC', 'oppD', 'oppF', 'pepN', 'pflB', 'pldA', 'pncB', 'pntA', 'prfA', 'ptsG', 'putA', 'putP', 'rho', 'rplB', 'rplC', 'rplD', 'rplP', 'rplV', 'rplW', 'rpmC', 'rpsC', 'rpsJ', 'rpsQ', 'rpsS', 'sdhA', 'sdhB', 'sdhC', 'sdhD', 'sodA', 'ssb', 'sucA', 'sucB', 'sucC', 'sucD', 'thrA', 'uvrA', 'xthA', 'ompW', 'dcuA', 'focA', 'rhaT', 'acnA', 'ubiC', 'ubiA', 'folE', 'appB', 'appC', 'osmY', 'dsbB', 'treC', 'cydD', 'sthA', 'yigI', 'ybfA', 'fadD', 'gadE', 'caiD', 'caiC', 'caiB', 'caiA', 'caiT', 'thiC', 'potF', 'ydeA', 'yieE', 'phoH', 'rsd', 'nuoM', 'nuoF', 'grcA', 'yfiF', 'hybA', 'hybB', 'hybC', 'hybD', 'hybE', 'hybF', 'hybG', 'puuB', 'lldP', 'lldR', 'lldD', 'nupC', 'yeiQ', 'yejG', 'mqo', 'nuoA', 'nuoB', 'nuoC', 'nuoE', 'nuoG', 'nuoH', 'nuoI', 'nuoJ', 'nuoK', 'nuoL', 'nuoN', 'feoA', 'treB', 'gadX', 'yhjE', 'acnB', 'msrB', 'gatA', 'gatB', 'gatC', 'gatD', 'gatY', 'prmC', 'puuR', 'cycA', 'caiE', 'sstT', 'dctA', 'glcB', 'xylR', 'micF', 'acpP', 'rmf', 'gadA', 'appX', 'gadF', 'ymjE', 'sdhX', 'glcF', 'gcvB', 'arcZ', 'sroD', 'fadH', 'fadE', 'ybdN', 'citG', 'citX', 'citF', 'citE', 'citD', 'citC', 'dpiB', 'dpiA', 'dcuC', 'b0725', 'ybiU', 'rutG', 'rutF', 'rutE', 'rutD', 'rutC', 'rutB', 'rutA', 'iraM', 'puuP', 'puuA', 'puuD', 'puuE', 'tpx', 'ynaJ', 'pqqU', 'yncE', 'ydgC', 'rstA', 'gatZ', 'fadJ', 'fadI', 'pyrS', 'glaH', 'glcA', 'glcG', 'glcE', 'glcD', 'glcC', 'hybO', 'nudE', 'igaA', 'yhgE', 'yjiR']"
PhoB,65,52,8,5,Dual,"['agp', 'amn', 'eda', 'cra', 'argP', 'ompF', 'phnC', 'phnD', 'phnF', 'phnG', 'phnH', 'phnI', 'phnJ', 'phnK', 'phnL', 'phnM', 'phnN', 'phnO', 'phnP', 'phoA', 'phoB', 'phoE', 'phoQ', 'phoR', 'pstS', 'phoU', 'pstA', 'pstB', 'pstC', 'sbcC', 'ugpA', 'ugpB', 'ugpC', 'ugpE', 'ugpQ', 'sbcD', 'psiE', 'waaH', 'phnE1', 'psiF', 'phoH', 'tktB', 'gadW', 'gadX', 'rcdB', 'cusA', 'adiC', 'pitB', 'yibT', 'prpR', 'cusS', 'cusR', 'cusC', 'cusF', 'cusB', 'feaR', 'rspR', 'asr', 'mipA', 'yoaI', 'hiuH', 'msrP', 'msrQ', 'yegH', 'ytfK']"
AlpA,3,1,2,0,Dual,"['phoB', 'phoR', 'intA']"
PgrR,9,0,9,0,Repressor,"['tyrR', 'ycjF', 'ymjC', 'ymjD', 'ycjX', 'ycjG', 'mpaA', 'ycjY', 'mppA']"
PlaR,14,0,14,0,Repressor,"['eda', 'glpA', 'glpT', 'plaR', 'yiaK', 'yiaL', 'yiaM', 'yiaN', 'yiaO', 'lyxK', 'sgbH', 'sgbU', 'sgbE', 'ygjV']"
BasR,26,24,2,0,Dual,"['dgkA', 'fimB', 'glpA', 'glpB', 'glpC', 'hha', 'putA', 'waaH', 'eptA', 'emrD', 'tomB', 'qseC', 'arnE', 'csgG', 'csgF', 'csgE', 'csgD', 'cspI', 'arnB', 'arnC', 'arnA', 'arnD', 'arnT', 'arnF', 'qseB', 'yrbL']"
YeiE,15,4,11,0,Dual,"['cysJ', 'infA', 'pflB', 'putA', 'argO', 'gltF', 'ftp', 'mdtF', 'yibQ', 'dcuC', 'ssuA', 'uspF', 'ydcT', 'sodC', 'yoaC']"
IHF,236,142,65,28,Dual,"['aceA', 'aceB', 'aceK', 'osmE', 'carA', 'carB', 'cysG', 'cysH', 'cysI', 'cysJ', 'dmsA', 'dmsB', 'dmsC', 'dppA', 'envZ', 'fhlA', 'fimA', 'fimB', 'fimC', 'fimD', 'fimF', 'fimG', 'fimH', 'fis', 'flhC', 'flhD', 'fnr', 'folA', 'gcd', 'glnH', 'glnP', 'glnQ', 'glpQ', 'glpT', 'gltA', 'gltB', 'gltD', 'hemA', 'ihfA', 'ihfB', 'hipB', 'hipA', 'hycA', 'hycB', 'hycC', 'hycD', 'hycE', 'hycF', 'hycG', 'hycH', 'hypA', 'hypB', 'hypC', 'hypD', 'hypE', 'icd', 'ilvA', 'ilvD', 'ilvE', 'ilvM', 'mtr', 'narG', 'narH', 'narI', 'narJ', 'narK', 'ndh', 'nirB', 'nirC', 'nirD', 'nmpC', 'ompC', 'ompF', 'ompR', 'pflB', 'pstS', 'phoU', 'prfA', 'proV', 'proW', 'proX', 'pspA', 'pspB', 'pspC', 'pspD', 'pspE', 'pstA', 'pstB', 'pstC', 'rpoH', 'sodA', 'sodB', 'sucA', 'sucB', 'sucC', 'sucD', 'tdcA', 'tdcB', 'tdcC', 'tyrP', 'tdcD', 'focA', 'ilvL', 'dusB', 'fliA', 'fliZ', 'ubiC', 'ubiA', 'sufA', 'uspA', 'osmY', 'dps', 'acs', 'adiA', 'sra', 'gltF', 'ibpB', 'atoD', 'atoA', 'atoE', 'atoB', 'nuoM', 'nuoF', 'nrfA', 'amiA', 'rpoE', 'yjbE', 'yjbF', 'yjbG', 'yjbH', 'pspG', 'actP', 'yjcH', 'nrfB', 'nrfC', 'nrfD', 'nrfE', 'nrfF', 'nrfG', 'htrE', 'yadV', 'fimI', 'yeiL', 'nuoA', 'nuoB', 'nuoC', 'nuoE', 'nuoG', 'nuoH', 'nuoI', 'nuoJ', 'nuoK', 'nuoL', 'nuoN', 'hemF', 'uspB', 'plaR', 'yiaK', 'yiaL', 'yiaM', 'yiaN', 'yiaO', 'lyxK', 'sgbH', 'sgbU', 'sgbE', 'rseA', 'ssuB', 'prmC', 'norW', 'ulaB', 'ulaC', 'cycA', 'dppB', 'dppC', 'dppD', 'dppF', 'glcB', 'hpt', 'micF', 'ilvX', 'rseD', 'pspH', 'sdhX', 'narS', 'fimR2', 'glcF', 'csrB', 'glmY', 'ssuC', 'ssuD', 'ssuA', 'ssuE', 'csgG', 'csgF', 'csgE', 'csgD', 'paaZ', 'paaA', 'paaB', 'paaC', 'paaD', 'paaE', 'paaF', 'paaG', 'paaH', 'paaI', 'paaJ', 'paaK', 'sufE', 'sufS', 'sufD', 'sufC', 'sufB', 'tcyJ', 'rseC', 'rseB', 'norV', 'hycI', 'glcA', 'glcG', 'glcE', 'glcD', 'patA', 'tdcG', 'tdcF', 'tdcE', 'dcuD', 'rtcA', 'rtcB', 'ulaG', 'ulaA', 'ulaD', 'ulaE', 'ulaF', 'ilvG']"
KdgR,2,0,2,0,Repressor,"['eda', 'edd']"
NikR,6,0,6,0,Repressor,"['nikR', 'nikA', 'nikB', 'nikC', 'nikD', 'nikE']"
Dan,4,4,0,0,Activator,"['ttdA', 'ttdB', 'ttdT', 'ttdR']"
MqsA,13,0,13,0,Repressor,"['rpoS', 'cspD', 'ypjJ', 'csgG', 'csgF', 'csgE', 'csgD', 'lfgA', 'lfgB', 'yfjZ', 'ypjF', 'mqsA', 'mqsR']"
EbgR,2,0,2,0,Repressor,"['ebgA', 'ebgC']"
PtrR,13,6,7,0,Dual,"['puuC', 'gabD', 'gadB', 'acrA', 'acrB', 'puuB', 'acrR', 'gadA', 'puuA', 'puuE', 'yneG', 'glsB', 'sad']"
AccB,2,0,2,0,Repressor,"['accB', 'accC']"
DhaR,4,3,1,0,Dual,"['dhaM', 'dhaL', 'dhaK', 'dhaR']"
Cbl,9,9,0,0,Activator,"['ssuB', 'tauD', 'tauA', 'tauB', 'tauC', 'ssuC', 'ssuD', 'ssuA', 'ssuE']"
PurR,32,0,32,0,Repressor,"['carA', 'carB', 'cvpA', 'gcvH', 'glnB', 'glyA', 'guaA', 'guaB', 'prs', 'purA', 'purC', 'purD', 'purE', 'purF', 'purH', 'purK', 'purL', 'purM', 'purN', 'purR', 'pyrC', 'pyrD', 'speA', 'speB', 'ubiX', 'purB', 'codA', 'codB', 'hflD', 'gcvT', 'purT', 'gcvP']"
RelB,3,0,3,0,Repressor,"['relB', 'hokD', 'relE']"
DnaA,18,1,11,6,Dual,"['aldA', 'dnaA', 'dnaN', 'guaA', 'guaB', 'nrdA', 'nrdB', 'polA', 'recF', 'recN', 'rpoH', 'uvrB', 'yfaE', 'yjeV', 'idlP', 'ytiC', 'ytiD', 'iraD']"
RcsB-BglJ,16,16,0,0,Activator,"['bglB', 'bglF', 'bglG', 'leuO', 'sfsB', 'yidL', 'yehF', 'ykiA', 'ynbA', 'ynbB', 'ynbC', 'ynbD', 'ynjI', 'yecT', 'yqhG', 'ygiZ']"
AcrR,15,0,15,0,Repressor,"['flhC', 'flhD', 'soxR', 'soxS', 'marA', 'marR', 'marB', 'acrA', 'acrB', 'acrR', 'micF', 'mdtU', 'puuA', 'mdtI', 'mdtJ']"
YdfH,2,0,2,0,Repressor,"['rspB', 'rspA']"
YdiP,2,2,0,0,Activator,"['cspA', 'cspE']"
YdeO,24,21,3,0,Dual,"['appA', 'hyaA', 'hyaB', 'hyaC', 'hyaD', 'hyaE', 'hyaF', 'nhaR', 'appB', 'appC', 'gadB', 'adiA', 'gadE', 'yiiS', 'uspD', 'dctR', 'slp', 'mdtE', 'mdtF', 'gadW', 'appX', 'gadF', 'ydeO', 'safA']"
HigA,2,0,2,0,Repressor,"['higA', 'higB']"
UhpA,2,2,0,0,Activator,"['uhpT', 'uhpU']"
FNR,327,204,106,17,Dual,"['dcuB', 'cydC', 'garL', 'aceE', 'aceF', 'ackA', 'adhE', 'aldA', 'ansB', 'arcA', 'aroP', 'aspA', 'aspC', 'cadC', 'cheB', 'cheR', 'cheY', 'cheZ', 'moeA', 'moeB', 'cydA', 'cydB', 'cyoA', 'cyoB', 'cyoC', 'cyoD', 'cyoE', 'cysG', 'dmsA', 'dmsB', 'dmsC', 'dppA', 'entF', 'acrE', 'acrF', 'fdhF', 'fepE', 'fes', 'fhlA', 'fnr', 'frdA', 'frdB', 'frdC', 'frdD', 'fumA', 'fumB', 'fumC', 'gcvH', 'gdhA', 'glpA', 'glpB', 'glpC', 'glpQ', 'glpT', 'gltB', 'gltD', 'gnd', 'hemA', 'hmp', 'hypB', 'hypC', 'hypD', 'hypE', 'katG', 'lpd', 'malP', 'malQ', 'narG', 'narH', 'narI', 'narJ', 'narK', 'narL', 'narX', 'ndh', 'nirB', 'nirC', 'nirD', 'pflB', 'pstS', 'phoU', 'poxB', 'prfA', 'pstA', 'pstB', 'pstC', 'purM', 'purN', 'pykA', 'rplB', 'rplC', 'rplD', 'rplM', 'rplP', 'rplS', 'rplT', 'rplV', 'rplW', 'rpmC', 'rpsC', 'rpsI', 'rpsJ', 'rpsP', 'rpsQ', 'rpsS', 'sdhA', 'sdhB', 'sdhC', 'sdhD', 'sodA', 'soxR', 'soxS', 'sucA', 'sucB', 'sucC', 'sucD', 'tap', 'tar', 'tdcA', 'tdcB', 'tdcC', 'thrA', 'trmD', 'ung', 'pdhR', 'ompW', 'hyfA', 'rimM', 'tdcD', 'garK', 'garR', 'zwf', 'dcuA', 'fdnG', 'fdnH', 'fdnI', 'ycaC', 'focA', 'pheM', 'hyfB', 'ygbA', 'acnA', 'upp', 'ubiC', 'ubiA', 'cydD', 'glnD', 'nrdD', 'gcvT', 'scpA', 'argK', 'gltF', 'nikR', 'pepT', 'caiD', 'caiC', 'caiB', 'caiA', 'caiT', 'fixA', 'fixB', 'fixC', 'fixX', 'moaA', 'moaB', 'moaD', 'moaE', 'ydeJ', 'moaC', 'viaA', 'ravA', 'nuoM', 'nuoF', 'nrfA', 'grcA', 'gcvP', 'amtB', 'nrfB', 'nrfC', 'nrfD', 'nrfE', 'nrfF', 'nrfG', 'yeiL', 'ccmH', 'ccmG', 'ccmF', 'ccmE', 'ccmC', 'ccmB', 'ccmA', 'napC', 'napB', 'napH', 'napG', 'napA', 'napF', 'nikA', 'nikB', 'nikC', 'nikD', 'nikE', 'nuoA', 'nuoB', 'nuoC', 'nuoE', 'nuoG', 'nuoH', 'nuoI', 'nuoJ', 'nuoK', 'nuoL', 'nuoN', 'feoA', 'feoB', 'ompX', 'uraA', 'napD', 'ccmD', 'glnK', 'pitA', 'gadW', 'gadX', 'ccp', 'bcsZ', 'bcsB', 'yibN', 'ssuB', 'msrB', 'ychO', 'prmC', 'norW', 'garD', 'caiE', 'dppB', 'dppC', 'dppD', 'dppF', 'uxaA', 'garP', 'feoC', 'emrY', 'metV', 'rnpB', 'gadA', 'ybdZ', 'fnrS', 'idlP', 'gndA', 'ymjE', 'sdhX', 'narS', 'aspX', 'caiF', 'ybdN', 'citG', 'citX', 'citF', 'citE', 'citD', 'citC', 'dpiB', 'dpiA', 'dcuC', 'b0725', 'hcr', 'hcp', 'ssuC', 'ssuD', 'ssuA', 'ssuE', 'iraM', 'hlyE', 'puuP', 'puuA', 'tpx', 'ortT', 'ydfZ', 'ydfO', 'ynfE', 'ynfF', 'ynfG', 'ynfH', 'dmsD', 'bidA', 'ydhT', 'ydhU', 'ydhX', 'ydhW', 'ydhV', 'ydhY', 'yecR', 'nac', 'yfcZ', 'emrK', 'yffS', 'hyfC', 'hyfD', 'hyfE', 'hyfF', 'hyfG', 'hyfH', 'hyfI', 'hyfJ', 'hyfR', 'focB', 'pdeF', 'norV', 'mltA', 'xdhA', 'xdhB', 'xdhC', 'scpB', 'scpC', 'nfeR', 'aer', 'tdcG', 'tdcF', 'tdcE', 'ysgA', 'dcuR', 'dcuS', 'ytfE', 'iraD', 'nrdG', 'uxaC', 'gapC']"
RelBE,3,0,3,0,Repressor,"['relB', 'hokD', 'relE']"
AllS,3,3,0,0,Activator,"['allE', 'allC', 'allD']"
MetR,5,3,1,1,Dual,"['glyA', 'hmp', 'metE', 'metH', 'metR']"
GadRcs,9,9,0,0,Activator,"['aslB', 'cadA', 'cadB', 'dctR', 'slp', 'yhiM', 'gadX', 'adiC', 'gadA']"
FimZ,5,5,0,0,Activator,"['puuC', 'puuB', 'sfmA', 'sfmC', 'puuD']"
MhpR,6,6,0,0,Activator,"['mhpE', 'mhpA', 'mhpB', 'mhpC', 'mhpD', 'mhpF']"
FucR,7,7,0,0,Activator,"['fucA', 'fucI', 'fucK', 'fucO', 'fucP', 'fucR', 'fucU']"
YefMB,2,0,2,0,Repressor,"['yefM', 'yoeB']"
CynR,4,3,1,0,Dual,"['cynS', 'cynT', 'cynX', 'cynR']"
CueR,9,2,7,0,Dual,"['moaA', 'moaB', 'moaD', 'moaE', 'moaC', 'rsd', 'cueO', 'rmf', 'copA']"
NagC,50,1,32,2,Dual,"['chbB', 'chbC', 'chbA', 'chbR', 'chbF', 'creD', 'crr', 'fimB', 'glmS', 'manX', 'manY', 'manZ', 'nagA', 'nagB', 'umpH', 'nagE', 'nagC', 'creC', 'ptsH', 'ptsI', 'glmU', 'creA', 'creB', 'feoA', 'feoB', 'galP', 'chbG', 'feoC', 'chiZ', 'chiP', 'chiQ', 'dinI', 'ydeM', 'ydeN', 'ydeP', 'eutA', 'eutH', 'eutG', 'eutJ', 'eutE', 'eutN', 'eutM', 'eutD', 'eutT', 'eutQ', 'eutP', 'eutS', 'nanS', 'nanM', 'nanC']"
DicA,9,1,8,0,Dual,"['dicA', 'dicB', 'dicC', 'ydfD', 'ydfE', 'ydfW', 'ydfX', 'insD7', 'intQ']"
RcsAB,16,10,6,0,Dual,"['flhC', 'flhD', 'rcsA', 'yjbE', 'yjbF', 'yjbG', 'yjbH', 'csgG', 'csgF', 'csgE', 'csgD', 'wcaB', 'wcaA', 'wzc', 'wzb', 'wza']"
AtoC,4,4,0,0,Activator,"['atoD', 'atoA', 'atoE', 'atoB']"
AllR,9,0,9,0,Repressor,"['gcl', 'allS', 'allA', 'hyi', 'glxR', 'allW', 'allB', 'ybbY', 'glxK']"
RpoN,6,0,6,0,Repressor,"['fadL', 'mutM', 'nth', 'cspC', 'yobF', 'yfcZ']"
BtsR,15,1,14,0,Dual,"['aceE', 'aceF', 'lpd', 'mdh', 'pdhR', 'csgA', 'cspC', 'csgG', 'csgF', 'csgE', 'csgD', 'csgB', 'csgC', 'yobF', 'btsT']"
FliZ,22,0,22,0,Repressor,"['flhC', 'flhD', 'osmY', 'hdeA', 'hdeB', 'yhiD', 'csgA', 'gadB', 'gadE', 'yjbJ', 'mlrA', 'mdtE', 'mdtF', 'gadF', 'csgG', 'csgF', 'csgE', 'csgD', 'csgB', 'csgC', 'pdeR', 'gadC']"
TdcR,7,7,0,0,Activator,"['tdcA', 'tdcB', 'tdcC', 'tdcD', 'tdcG', 'tdcF', 'tdcE']"
LeuO,24,17,6,1,Dual,"['bglB', 'bglF', 'bglG', 'cadC', 'leuO', 'leuA', 'leuL', 'gltF', 'leuD', 'leuC', 'leuB', 'cas2', 'ybeQ', 'dsrA', 'cas1', 'casE', 'casD', 'casC', 'casB', 'casA', 'yghR', 'yghS', 'yjjQ', 'bglJ']"
CecR,6,1,5,0,Dual,"['rhlE', 'cecR', 'ybhR', 'ybhS', 'ybhF', 'ybhG']"
RcdA,14,10,4,0,Dual,"['sulA', 'ydeI', 'rsd', 'rmf', 'yagK', 'ybjI', 'ybjJ', 'rcdA', 'csgG', 'csgF', 'csgE', 'csgD', 'bluF', 'asr']"
SlyA,48,39,9,0,Dual,"['fecI', 'fecR', 'leuO', 'gspO', 'rsd', 'gspM', 'pagP', 'sgcA', 'sgcC', 'sgcX', 'mdtM', 'cas2', 'rmf', 'sgcB', 'elfA', 'hlyE', 'paaA', 'paaB', 'paaC', 'paaD', 'paaE', 'paaF', 'paaG', 'paaH', 'paaI', 'paaJ', 'paaK', 'slyA', 'cas1', 'casE', 'casD', 'casC', 'casB', 'casA', 'gspC', 'gspD', 'gspE', 'gspF', 'gspG', 'gspH', 'gspI', 'gspJ', 'gspK', 'gspL', 'sgcR', 'sgcE', 'sgcQ', 'yjiN']"
YcjW,12,0,12,0,Repressor,"['ymjB', 'ycjM', 'ycjN', 'ycjO', 'ycjP', 'ycjQ', 'ycjR', 'ycjS', 'ycjT', 'ycjU', 'ycjV', 'ompG']"
YciT,4,2,2,0,Dual,"['rdcA', 'cusF', 'ybiY', 'bsmA']"
LsrR,9,0,9,0,Repressor,"['lsrK', 'lsrR', 'lsrA', 'lsrC', 'lsrD', 'lsrB', 'lsrF', 'lsrG', 'tam']"
NrdR,9,0,9,0,Repressor,"['nrdA', 'nrdB', 'nrdD', 'yfaE', 'nrdF', 'nrdE', 'nrdH', 'nrdI', 'nrdG']"
OxyR,45,32,12,1,Dual,"['fur', 'gor', 'grxA', 'hemH', 'katG', 'metE', 'metR', 'oxyR', 'poxB', 'rimK', 'uxuA', 'xthA', 'nfsA', 'sufA', 'ahpC', 'ahpF', 'ychF', 'dps', 'trxC', 'hemF', 'ccp', 'znuB', 'gntP', 'ybjC', 'uxuB', 'oxyS', 'yjjZ', 'uof', 'isrC', 'dsbG', 'ybjN', 'hcr', 'hcp', 'sufE', 'sufS', 'sufD', 'sufC', 'sufB', 'znuA', 'znuC', 'zinT', 'flu', 'elaB', 'mntH', 'fhuF']"
ModE,46,31,15,0,Dual,"['modB', 'modC', 'deoA', 'deoB', 'deoC', 'deoD', 'dmsA', 'dmsB', 'dmsC', 'hycA', 'hycB', 'hycC', 'hycD', 'hycE', 'hycF', 'hycG', 'hycH', 'narL', 'narX', 'oppA', 'oppB', 'oppC', 'oppD', 'oppF', 'moaA', 'moaB', 'moaD', 'moaE', 'moaC', 'ccmH', 'ccmG', 'ccmF', 'ccmE', 'ccmC', 'ccmB', 'ccmA', 'napC', 'napB', 'napH', 'napG', 'napA', 'napF', 'napD', 'ccmD', 'modA', 'hycI']"
Fis,249,157,85,6,Dual,"['adhE', 'osmE', 'ansB', 'apaG', 'apaH', 'bglB', 'bglF', 'bglG', 'carA', 'carB', 'crp', 'cspA', 'cyoA', 'cyoB', 'cyoC', 'cyoD', 'cyoE', 'cysG', 'deoA', 'deoB', 'deoC', 'deoD', 'dmsA', 'dmsB', 'dmsC', 'dnaA', 'dnaN', 'fadA', 'fadB', 'fimA', 'fimC', 'fimD', 'fimF', 'fimG', 'fimH', 'fis', 'fumB', 'glnA', 'glnG', 'glnL', 'glnQ', 'glpA', 'glpB', 'glpC', 'glpQ', 'glpT', 'gltX', 'guaA', 'guaB', 'gyrA', 'gyrB', 'hns', 'hupA', 'hupB', 'hyaA', 'hyaB', 'hyaC', 'hyaD', 'hyaE', 'hyaF', 'infB', 'katE', 'rsmA', 'lpd', 'malE', 'malF', 'malG', 'mazE', 'mazG', 'mglA', 'mglC', 'mtlA', 'mtlD', 'nanA', 'narG', 'narH', 'narI', 'narJ', 'narK', 'ndh', 'nirB', 'nirC', 'nirD', 'nrdA', 'nrdB', 'nusA', 'ogt', 'pdxA', 'pflB', 'pnp', 'ptsG', 'pyrD', 'queA', 'recF', 'rplM', 'rpsI', 'rpsO', 'tolB', 'topA', 'tpr', 'trg', 'trmA', 'tufB', 'fau', 'truB', 'rbfA', 'rimP', 'mazF', 'dusB', 'osmY', 'dps', 'msrA', 'marA', 'marR', 'acs', 'gadB', 'sra', 'marB', 'proP', 'nuoM', 'nuoF', 'nrfA', 'grcA', 'actP', 'yjcH', 'nrfB', 'nrfC', 'nrfD', 'nrfE', 'nrfF', 'nrfG', 'mtlR', 'fimI', 'nuoA', 'nuoB', 'nuoC', 'nuoE', 'nuoG', 'nuoH', 'nuoI', 'nuoJ', 'nuoK', 'nuoL', 'nuoN', 'cbpA', 'cbpM', 'gadX', 'xylG', 'xylH', 'aldB', 'acnB', 'yfaE', 'xylF', 'xylR', 'alaT', 'alaU', 'alaV', 'alaW', 'alaX', 'argU', 'argW', 'argX', 'aspV', 'glnU', 'glnV', 'glnW', 'glnX', 'gltT', 'gltU', 'gltV', 'gltW', 'glyT', 'glyU', 'hisR', 'ileT', 'ileU', 'ileV', 'leuP', 'leuQ', 'leuT', 'leuV', 'leuW', 'leuX', 'lysT', 'lysV', 'lysW', 'metT', 'metU', 'metY', 'pheU', 'pheV', 'proK', 'proL', 'proM', 'rnpB', 'rrfA', 'rrfB', 'rrfC', 'rrfD', 'rrfE', 'rrfG', 'rrfH', 'rrlA', 'rrlB', 'rrlC', 'rrlD', 'rrlE', 'rrlG', 'rrlH', 'rrsA', 'rrsB', 'rrsC', 'rrsD', 'rrsE', 'rrsG', 'rrsH', 'rrfF', 'serT', 'serX', 'ssrS', 'thrT', 'thrU', 'thrV', 'thrW', 'tyrT', 'tyrU', 'tyrV', 'valT', 'valU', 'valX', 'valY', 'gadA', 'malH', 'narS', 'fimR2', 'glnZ', 'nanT', 'hlyE', 'gadC', 'cspI', 'flxA', 'yoaG', 'yeaR', 'yodD', 'glcC', 'patA', 'nanQ', 'nanK', 'nanE']"
PutA,2,0,2,0,Repressor,"['putA', 'putP']"
BolA,11,6,3,2,Dual,"['ampC', 'dacC', 'fimH', 'mreB', 'mreC', 'mreD', 'csgA', 'csgG', 'csgF', 'csgE', 'csgD']"
UlaR,7,0,7,0,Repressor,"['ulaB', 'ulaC', 'ulaG', 'ulaA', 'ulaD', 'ulaE', 'ulaF']"
SdiA,8,5,2,1,Dual,"['ftsA', 'ftsQ', 'ftsZ', 'rsd', 'gadW', 'rmf', 'gadY', 'rflP']"
MelR,3,0,0,3,Dual,"['melA', 'melB', 'melR']"
GatR,6,0,6,0,Repressor,"['gatA', 'gatB', 'gatC', 'gatD', 'gatY', 'gatZ']"
AgaR,11,0,11,0,Repressor,"['agaA', 'kbaY', 'agaB', 'agaC', 'agaR', 'kbaZ', 'agaV', 'agaW', 'agaS', 'agaD', 'agaI']"
Zur,7,0,7,0,Repressor,"['znuB', 'ykgO', 'ykgM', 'pliG', 'znuA', 'znuC', 'zinT']"
YjjQ,10,0,10,0,Repressor,"['flhC', 'flhD', 'ompC', 'yfiB', 'dgcN', 'ymiA', 'yciX', 'ybhL', 'gfcA', 'yfiR']"
GutM,7,7,0,0,Activator,"['srlE', 'srlB', 'srlD', 'gutM', 'gutQ', 'srlR', 'srlA']"
Ada,4,2,0,2,Activator,"['ada', 'alkB', 'alkA', 'aidB']"
McbR,6,5,1,0,Dual,"['yciE', 'yciF', 'yciG', 'rsd', 'rmf', 'mcbA']"
AaeR,3,3,0,0,Activator,"['aaeB', 'aaeA', 'aaeX']"
YidZ,4,0,4,0,Repressor,"['malE', 'rbsD', 'ppiC', 'rof']"
ArsR,3,0,3,0,Repressor,"['arsR', 'arsB', 'arsC']"
NadR,4,0,4,0,Repressor,"['nadA', 'nadB', 'pncB', 'pnuC']"
HypT,13,8,5,0,Dual,"['cydA', 'cydB', 'cysH', 'fecA', 'fecB', 'fecC', 'fecD', 'fecE', 'metB', 'metL', 'metQ', 'metN', 'metI']"
UxuR,11,0,11,0,Repressor,"['fliC', 'uidA', 'uxuA', 'uidB', 'gntP', 'exuR', 'uxuB', 'uxuR', 'uidC', 'lgoR', 'lgoD']"
BetI,4,0,4,0,Repressor,"['betA', 'betB', 'betI', 'betT']"
CreB,16,12,4,0,Dual,"['ackA', 'creD', 'malE', 'malF', 'malG', 'parE', 'recG', 'cbrA', 'cbrB', 'talA', 'nudF', 'pta', 'malH', 'yqiA', 'cpdA', 'yqiB']"
MarR,3,0,3,0,Repressor,"['marA', 'marR', 'marB']"
RstA,10,5,5,0,Dual,"['narG', 'narH', 'narI', 'narJ', 'ompF', 'csgG', 'csgF', 'csgE', 'csgD', 'asr']"
GcvA,5,1,1,3,Dual,"['gcvH', 'gcvT', 'gcvA', 'gcvP', 'gcvB']"
PunR,1,1,0,0,Activator,['punC']
SgrR,9,4,5,0,Dual,"['thiQ', 'thiP', 'thiB', 'setA', 'sgrR', 'sgrT', 'sroA', 'sgrS', 'alaC']"
PyrR,1,1,0,0,Activator,['yhjX']
HigBA,2,0,2,0,Repressor,"['higA', 'higB']"
FlhDC,93,89,4,0,Dual,"['aceB', 'adhE', 'fliL', 'fliM', 'fliN', 'epd', 'glpA', 'glpB', 'glpC', 'iclR', 'mdh', 'mglA', 'mglB', 'mglC', 'pfkA', 'ptsH', 'recC', 'fliD', 'ppdC', 'ygdB', 'ppdB', 'fliO', 'fliE', 'fliF', 'fliA', 'fliZ', 'fliS', 'fliT', 'hypF', 'hydN', 'fliG', 'fliH', 'nfrB', 'nrfA', 'nrfB', 'nrfC', 'nrfD', 'nrfE', 'nrfF', 'nrfG', 'fliP', 'fliQ', 'fliR', 'setB', 'ccmH', 'ccmG', 'ccmF', 'ccmE', 'ccmC', 'ccmB', 'ccmA', 'napC', 'napB', 'napH', 'napG', 'napA', 'napF', 'ppdA', 'napD', 'ccmD', 'pdeH', 'gltJ', 'gltK', 'gltL', 'sroC', 'flgA', 'flgB', 'flgC', 'flgD', 'flgE', 'flgF', 'flgG', 'flgH', 'flgI', 'flgJ', 'flgM', 'flhA', 'fliI', 'fliJ', 'fliK', 'gltI', 'csgC', 'ymdA', 'ymdB', 'clsC', 'flgN', 'ycgR', 'flhE', 'flhB', 'yecR', 'tcyJ', 'ygbK', 'fruB']"
YebK,1,0,1,0,Repressor,['yebK']
AraC,19,6,9,4,Dual,"['araA', 'araB', 'araC', 'araD', 'araE', 'araF', 'araG', 'araH', 'araJ', 'xylA', 'xylB', 'ygeA', 'yjfF', 'ytfQ', 'ytfR', 'ytfT', 'xylZ', 'ydeM', 'ydeN']"
PdhR,54,16,38,0,Dual,"['aceE', 'aceF', 'cyoA', 'cyoB', 'cyoC', 'cyoD', 'cyoE', 'ddlB', 'lpxC', 'fadL', 'fecA', 'fecB', 'fecC', 'fecD', 'fecE', 'ftsA', 'ftsI', 'ftsQ', 'ftsW', 'ftsZ', 'hemL', 'hha', 'lpd', 'mraY', 'murC', 'murD', 'murE', 'murF', 'murG', 'ndh', 'ppsA', 'mraZ', 'rsmH', 'ftsL', 'pdhR', 'ppsR', 'grcA', 'lldP', 'tomB', 'glcB', 'acpP', 'ftsO', 'glcF', 'fadH', 'fadE', 'gmhA', 'fadM', 'ybcV', 'ybcW', 'fumD', 'glcA', 'glcG', 'glcE', 'glcD']"
RcsB,26,24,2,0,Dual,"['ftsA', 'ftsZ', 'osmB', 'osmC', 'hdeA', 'hdeB', 'yhiD', 'gadB', 'hdeD', 'sra', 'rpoE', 'gadX', 'rseA', 'rarA', 'gadA', 'rseD', 'rprA', 'gadY', 'lolA', 'bdm', 'gadC', 'ydeO', 'safA', 'ydeP', 'rseC', 'rseB']"
LacI,3,0,3,0,Repressor,"['lacA', 'lacY', 'lacZ']"
NimR,2,0,2,0,Repressor,"['nimR', 'nimT']"
XynR,5,0,5,0,Repressor,"['yagA', 'yagB', 'insX', 'yagE', 'yagF']"
RtcR,2,2,0,0,Activator,"['rtcA', 'rtcB']"
AidB,1,0,1,0,Repressor,['aidB']
UidR,4,0,4,0,Repressor,"['uidA', 'uidB', 'uidC', 'uidR']"
CdaR,10,10,0,0,Activator,"['garL', 'garK', 'garR', 'cdaR', 'garD', 'garP', 'rnpB', 'gudD', 'gudX', 'gudP']"
LrhA,5,3,2,0,Dual,"['fimE', 'flhC', 'flhD', 'leuO', 'lrhA']"
TreR,2,0,2,0,Repressor,"['treC', 'treB']"
MalT,11,11,0,0,Activator,"['lamB', 'malE', 'malF', 'malG', 'malK', 'malM', 'malP', 'malQ', 'malZ', 'malS', 'malH']"
MngR,3,0,3,0,Repressor,"['mngR', 'mngA', 'mngB']"
CitR,3,0,3,0,Repressor,"['ybdM', 'ybdN', 'citR']"
GntR,12,0,12,0,Repressor,"['eda', 'edd', 'idnK', 'gntT', 'idnT', 'gntK', 'gntU', 'yhgH', 'nfuA', 'idnR', 'idnO', 'idnD']"
KdpE,9,6,3,0,Dual,"['kdpA', 'kdpB', 'kdpC', 'adeP', 'rsd', 'uxaA', 'rmf', 'kdpF', 'uxaC']"
CsqR,5,0,5,0,Repressor,"['yihS', 'yihT', 'yihU', 'yihV', 'csqR']"
NanR,11,1,10,0,Dual,"['fimB', 'nanA', 'nanX', 'nanT', 'nanQ', 'nanK', 'nanE', 'nanY', 'nanS', 'nanM', 'nanC']"
YegW,3,0,3,0,Repressor,"['yegT', 'yegU', 'yegV']"
CsgD,28,13,15,0,Dual,"['nlpA', 'pepD', 'iraP', 'dgcC', 'fliE', 'fliF', 'fliA', 'fliZ', 'csgA', 'wrbA', 'fliG', 'fliH', 'yccJ', 'flgM', 'fliI', 'fliJ', 'fliK', 'csgI', 'csgG', 'csgF', 'csgE', 'csgD', 'csgB', 'csgC', 'flgN', 'tcyJ', 'yhbS', 'ubiT']"
YdcI,5,5,0,0,Activator,"['iraP', 'gadB', 'isrC', 'flu', 'smrB']"
EnvY,2,2,0,0,Activator,"['ompC', 'ompF']"
DsdC,1,1,0,0,Activator,['dsdA']
